{
  "pca_variance_explained": {
    "PC1": 0.8619226217269897,
    "PC2": 0.08016978204250336
  },
  "pca_total_variance_top2": 0.9420924186706543,
  "endpoint_distances_l2": {
    "\"two blue apples\" vs \"a red table\"": 508.999267578125,
    "\"two blue apples\" vs CLIP AND: \"two blue apples and a red table\"": 554.8981323242188,
    "\"two blue apples\" vs SuperDIFF (FM-ODE): \"two blue apples\" \u2227 \"a red table\"": 423.8444519042969,
    "\"two blue apples\" vs Guided (\u03b1=0.1)": 540.3272705078125,
    "\"two blue apples\" vs Guided (\u03b1=0.3)": 509.789794921875,
    "\"two blue apples\" vs Guided (\u03b1=0.5)": 465.2591247558594,
    "\"two blue apples\" vs Guided (\u03b1=0.7)": 421.38330078125,
    "\"a red table\" vs CLIP AND: \"two blue apples and a red table\"": 432.9418640136719,
    "\"a red table\" vs SuperDIFF (FM-ODE): \"two blue apples\" \u2227 \"a red table\"": 175.82421875,
    "\"a red table\" vs Guided (\u03b1=0.1)": 425.0787048339844,
    "\"a red table\" vs Guided (\u03b1=0.3)": 386.3106384277344,
    "\"a red table\" vs Guided (\u03b1=0.5)": 325.8709716796875,
    "\"a red table\" vs Guided (\u03b1=0.7)": 254.47125244140625,
    "CLIP AND: \"two blue apples and a red table\" vs SuperDIFF (FM-ODE): \"two blue apples\" \u2227 \"a red table\"": 407.13690185546875,
    "CLIP AND: \"two blue apples and a red table\" vs Guided (\u03b1=0.1)": 81.68229675292969,
    "CLIP AND: \"two blue apples and a red table\" vs Guided (\u03b1=0.3)": 129.29461669921875,
    "CLIP AND: \"two blue apples and a red table\" vs Guided (\u03b1=0.5)": 207.8676300048828,
    "CLIP AND: \"two blue apples and a red table\" vs Guided (\u03b1=0.7)": 312.1077880859375,
    "SuperDIFF (FM-ODE): \"two blue apples\" \u2227 \"a red table\" vs Guided (\u03b1=0.1)": 398.1051330566406,
    "SuperDIFF (FM-ODE): \"two blue apples\" \u2227 \"a red table\" vs Guided (\u03b1=0.3)": 357.8377380371094,
    "SuperDIFF (FM-ODE): \"two blue apples\" \u2227 \"a red table\" vs Guided (\u03b1=0.5)": 289.96453857421875,
    "SuperDIFF (FM-ODE): \"two blue apples\" \u2227 \"a red table\" vs Guided (\u03b1=0.7)": 199.1063690185547,
    "Guided (\u03b1=0.1) vs Guided (\u03b1=0.3)": 83.91545104980469,
    "Guided (\u03b1=0.1) vs Guided (\u03b1=0.5)": 190.57952880859375,
    "Guided (\u03b1=0.1) vs Guided (\u03b1=0.7)": 301.74249267578125,
    "Guided (\u03b1=0.3) vs Guided (\u03b1=0.5)": 147.3919219970703,
    "Guided (\u03b1=0.3) vs Guided (\u03b1=0.7)": 264.63775634765625,
    "Guided (\u03b1=0.5) vs Guided (\u03b1=0.7)": 198.6197052001953
  },
  "endpoint_distances_projected": {
    "\"two blue apples\" vs \"a red table\"": 245.63673400878906,
    "\"two blue apples\" vs CLIP AND: \"two blue apples and a red table\"": 522.7747802734375,
    "\"two blue apples\" vs SuperDIFF (FM-ODE): \"two blue apples\" \u2227 \"a red table\"": 214.99024963378906,
    "\"two blue apples\" vs Guided (\u03b1=0.1)": 512.1281127929688,
    "\"two blue apples\" vs Guided (\u03b1=0.3)": 471.8070373535156,
    "\"two blue apples\" vs Guided (\u03b1=0.5)": 395.890625,
    "\"two blue apples\" vs Guided (\u03b1=0.7)": 285.4845886230469,
    "\"a red table\" vs CLIP AND: \"two blue apples and a red table\"": 323.78765869140625,
    "\"a red table\" vs SuperDIFF (FM-ODE): \"two blue apples\" \u2227 \"a red table\"": 31.641498565673828,
    "\"a red table\" vs Guided (\u03b1=0.1)": 312.2295837402344,
    "\"a red table\" vs Guided (\u03b1=0.3)": 269.669921875,
    "\"a red table\" vs Guided (\u03b1=0.5)": 188.12832641601562,
    "\"a red table\" vs Guided (\u03b1=0.7)": 77.73190307617188,
    "CLIP AND: \"two blue apples and a red table\" vs SuperDIFF (FM-ODE): \"two blue apples\" \u2227 \"a red table\"": 350.5455322265625,
    "CLIP AND: \"two blue apples and a red table\" vs Guided (\u03b1=0.1)": 11.570845603942871,
    "CLIP AND: \"two blue apples and a red table\" vs Guided (\u03b1=0.3)": 54.13935852050781,
    "CLIP AND: \"two blue apples and a red table\" vs Guided (\u03b1=0.5)": 135.81704711914062,
    "CLIP AND: \"two blue apples and a red table\" vs Guided (\u03b1=0.7)": 251.84996032714844,
    "SuperDIFF (FM-ODE): \"two blue apples\" \u2227 \"a red table\" vs Guided (\u03b1=0.1)": 339.0301208496094,
    "SuperDIFF (FM-ODE): \"two blue apples\" \u2227 \"a red table\" vs Guided (\u03b1=0.3)": 296.4251403808594,
    "SuperDIFF (FM-ODE): \"two blue apples\" \u2227 \"a red table\" vs Guided (\u03b1=0.5)": 214.74839782714844,
    "SuperDIFF (FM-ODE): \"two blue apples\" \u2227 \"a red table\" vs Guided (\u03b1=0.7)": 99.94551849365234,
    "Guided (\u03b1=0.1) vs Guided (\u03b1=0.3)": 42.606571197509766,
    "Guided (\u03b1=0.1) vs Guided (\u03b1=0.5)": 124.28961944580078,
    "Guided (\u03b1=0.1) vs Guided (\u03b1=0.7)": 240.4140625,
    "Guided (\u03b1=0.3) vs Guided (\u03b1=0.5)": 81.68307495117188,
    "Guided (\u03b1=0.3) vs Guided (\u03b1=0.7)": 197.9168701171875,
    "Guided (\u03b1=0.5) vs Guided (\u03b1=0.7)": 116.6815414428711
  },
  "divergence_onset_step": {
    "\"two blue apples\" vs \"a red table\"": 2,
    "\"two blue apples\" vs CLIP AND: \"two blue apples and a red table\"": 2,
    "\"two blue apples\" vs SuperDIFF (FM-ODE): \"two blue apples\" \u2227 \"a red table\"": 2,
    "\"two blue apples\" vs Guided (\u03b1=0.1)": 2,
    "\"two blue apples\" vs Guided (\u03b1=0.3)": 2,
    "\"two blue apples\" vs Guided (\u03b1=0.5)": 2,
    "\"two blue apples\" vs Guided (\u03b1=0.7)": 2,
    "\"a red table\" vs CLIP AND: \"two blue apples and a red table\"": 3,
    "\"a red table\" vs SuperDIFF (FM-ODE): \"two blue apples\" \u2227 \"a red table\"": 2,
    "\"a red table\" vs Guided (\u03b1=0.1)": 3,
    "\"a red table\" vs Guided (\u03b1=0.3)": 3,
    "\"a red table\" vs Guided (\u03b1=0.5)": 2,
    "\"a red table\" vs Guided (\u03b1=0.7)": 2,
    "CLIP AND: \"two blue apples and a red table\" vs SuperDIFF (FM-ODE): \"two blue apples\" \u2227 \"a red table\"": 2,
    "CLIP AND: \"two blue apples and a red table\" vs Guided (\u03b1=0.1)": 4,
    "CLIP AND: \"two blue apples and a red table\" vs Guided (\u03b1=0.3)": 3,
    "CLIP AND: \"two blue apples and a red table\" vs Guided (\u03b1=0.5)": 3,
    "CLIP AND: \"two blue apples and a red table\" vs Guided (\u03b1=0.7)": 3,
    "SuperDIFF (FM-ODE): \"two blue apples\" \u2227 \"a red table\" vs Guided (\u03b1=0.1)": 3,
    "SuperDIFF (FM-ODE): \"two blue apples\" \u2227 \"a red table\" vs Guided (\u03b1=0.3)": 3,
    "SuperDIFF (FM-ODE): \"two blue apples\" \u2227 \"a red table\" vs Guided (\u03b1=0.5)": 3,
    "SuperDIFF (FM-ODE): \"two blue apples\" \u2227 \"a red table\" vs Guided (\u03b1=0.7)": 3,
    "Guided (\u03b1=0.1) vs Guided (\u03b1=0.3)": 3,
    "Guided (\u03b1=0.1) vs Guided (\u03b1=0.5)": 3,
    "Guided (\u03b1=0.1) vs Guided (\u03b1=0.7)": 3,
    "Guided (\u03b1=0.3) vs Guided (\u03b1=0.5)": 4,
    "Guided (\u03b1=0.3) vs Guided (\u03b1=0.7)": 4,
    "Guided (\u03b1=0.5) vs Guided (\u03b1=0.7)": 4
  },
  "total_path_length": {
    "\"two blue apples\"": 904.31298828125,
    "\"a red table\"": 961.164794921875,
    "CLIP AND: \"two blue apples and a red table\"": 866.6065673828125,
    "SuperDIFF (FM-ODE): \"two blue apples\" \u2227 \"a red table\"": 942.88916015625,
    "Guided (\u03b1=0.1)": 866.653564453125,
    "Guided (\u03b1=0.3)": 867.8201904296875,
    "Guided (\u03b1=0.5)": 879.1046752929688,
    "Guided (\u03b1=0.7)": 894.8260498046875
  },