{
  "pca_variance_explained": {
    "PC1": 0.7589623928070068,
    "PC2": 0.16055791079998016
  },
  "pca_total_variance_top2": 0.9195203185081482,
  "endpoint_distances_l2": {
    "\"a bicycle on the left\" vs \"a bus on the right\"": 546.1065063476562,
    "\"a bicycle on the left\" vs CLIP AND: \"a bicycle on the left and a bus on the right\"": 582.6357421875,
    "\"a bicycle on the left\" vs SuperDIFF (FM-ODE): \"a bicycle on the left\" \u2227 \"a bus on the right\"": 312.1749572753906,
    "\"a bicycle on the left\" vs Guided (\u03b1=0.1)": 578.9496459960938,
    "\"a bicycle on the left\" vs Guided (\u03b1=0.4)": 555.5578002929688,
    "\"a bicycle on the left\" vs Guided (\u03b1=0.6)": 524.7513427734375,
    "\"a bicycle on the left\" vs Guided (\u03b1=0.7)": 496.85614013671875,
    "\"a bus on the right\" vs CLIP AND: \"a bicycle on the left and a bus on the right\"": 323.5061340332031,
    "\"a bus on the right\" vs SuperDIFF (FM-ODE): \"a bicycle on the left\" \u2227 \"a bus on the right\"": 376.8640441894531,
    "\"a bus on the right\" vs Guided (\u03b1=0.1)": 317.46295166015625,
    "\"a bus on the right\" vs Guided (\u03b1=0.4)": 275.94140625,
    "\"a bus on the right\" vs Guided (\u03b1=0.6)": 250.513427734375,
    "\"a bus on the right\" vs Guided (\u03b1=0.7)": 246.0372314453125,
    "CLIP AND: \"a bicycle on the left and a bus on the right\" vs SuperDIFF (FM-ODE): \"a bicycle on the left\" \u2227 \"a bus on the right\"": 426.94622802734375,
    "CLIP AND: \"a bicycle on the left and a bus on the right\" vs Guided (\u03b1=0.1)": 86.18817901611328,
    "CLIP AND: \"a bicycle on the left and a bus on the right\" vs Guided (\u03b1=0.4)": 199.8479461669922,
    "CLIP AND: \"a bicycle on the left and a bus on the right\" vs Guided (\u03b1=0.6)": 244.1060791015625,
    "CLIP AND: \"a bicycle on the left and a bus on the right\" vs Guided (\u03b1=0.7)": 262.7687683105469,
    "SuperDIFF (FM-ODE): \"a bicycle on the left\" \u2227 \"a bus on the right\" vs Guided (\u03b1=0.1)": 421.85589599609375,
    "SuperDIFF (FM-ODE): \"a bicycle on the left\" \u2227 \"a bus on the right\" vs Guided (\u03b1=0.4)": 393.4559020996094,
    "SuperDIFF (FM-ODE): \"a bicycle on the left\" \u2227 \"a bus on the right\" vs Guided (\u03b1=0.6)": 358.9743957519531,
    "SuperDIFF (FM-ODE): \"a bicycle on the left\" \u2227 \"a bus on the right\" vs Guided (\u03b1=0.7)": 328.37652587890625,
    "Guided (\u03b1=0.1) vs Guided (\u03b1=0.4)": 189.51971435546875,
    "Guided (\u03b1=0.1) vs Guided (\u03b1=0.6)": 235.27378845214844,
    "Guided (\u03b1=0.1) vs Guided (\u03b1=0.7)": 254.2999267578125,
    "Guided (\u03b1=0.4) vs Guided (\u03b1=0.6)": 153.89024353027344,
    "Guided (\u03b1=0.4) vs Guided (\u03b1=0.7)": 178.31629943847656,
    "Guided (\u03b1=0.6) vs Guided (\u03b1=0.7)": 80.9908676147461
  },
  "endpoint_distances_projected": {
    "\"a bicycle on the left\" vs \"a bus on the right\"": 475.30413818359375,
    "\"a bicycle on the left\" vs CLIP AND: \"a bicycle on the left and a bus on the right\"": 567.7692260742188,
    "\"a bicycle on the left\" vs SuperDIFF (FM-ODE): \"a bicycle on the left\" \u2227 \"a bus on the right\"": 198.8004608154297,
    "\"a bicycle on the left\" vs Guided (\u03b1=0.1)": 565.203857421875,
    "\"a bicycle on the left\" vs Guided (\u03b1=0.4)": 537.55419921875,
    "\"a bicycle on the left\" vs Guided (\u03b1=0.6)": 495.0711975097656,
    "\"a bicycle on the left\" vs Guided (\u03b1=0.7)": 460.21746826171875,
    "\"a bus on the right\" vs CLIP AND: \"a bicycle on the left and a bus on the right\"": 93.4729995727539,
    "\"a bus on the right\" vs SuperDIFF (FM-ODE): \"a bicycle on the left\" \u2227 \"a bus on the right\"": 278.9385070800781,
    "\"a bus on the right\" vs Guided (\u03b1=0.1)": 90.40432739257812,
    "\"a bus on the right\" vs Guided (\u03b1=0.4)": 62.30961990356445,
    "\"a bus on the right\" vs Guided (\u03b1=0.6)": 19.771041870117188,
    "\"a bus on the right\" vs Guided (\u03b1=0.7)": 15.308820724487305,
    "CLIP AND: \"a bicycle on the left and a bus on the right\" vs SuperDIFF (FM-ODE): \"a bicycle on the left\" \u2227 \"a bus on the right\"": 370.29840087890625,
    "CLIP AND: \"a bicycle on the left and a bus on the right\" vs Guided (\u03b1=0.1)": 5.182811260223389,
    "CLIP AND: \"a bicycle on the left and a bus on the right\" vs Guided (\u03b1=0.4)": 32.35860061645508,
    "CLIP AND: \"a bicycle on the left and a bus on the right\" vs Guided (\u03b1=0.6)": 73.94770812988281,
    "CLIP AND: \"a bicycle on the left and a bus on the right\" vs Guided (\u03b1=0.7)": 108.07591247558594,
    "SuperDIFF (FM-ODE): \"a bicycle on the left\" \u2227 \"a bus on the right\" vs Guided (\u03b1=0.1)": 367.9722595214844,
    "SuperDIFF (FM-ODE): \"a bicycle on the left\" \u2227 \"a bus on the right\" vs Guided (\u03b1=0.4)": 340.80657958984375,
    "SuperDIFF (FM-ODE): \"a bicycle on the left\" \u2227 \"a bus on the right\" vs Guided (\u03b1=0.6)": 298.6064453125,
    "SuperDIFF (FM-ODE): \"a bicycle on the left\" \u2227 \"a bus on the right\" vs Guided (\u03b1=0.7)": 263.6849060058594,
    "Guided (\u03b1=0.1) vs Guided (\u03b1=0.4)": 28.565067291259766,
    "Guided (\u03b1=0.1) vs Guided (\u03b1=0.6)": 70.74681854248047,
    "Guided (\u03b1=0.1) vs Guided (\u03b1=0.7)": 105.19068145751953,
    "Guided (\u03b1=0.4) vs Guided (\u03b1=0.6)": 42.54836654663086,
    "Guided (\u03b1=0.4) vs Guided (\u03b1=0.7)": 77.33678436279297,
    "Guided (\u03b1=0.6) vs Guided (\u03b1=0.7)": 34.926998138427734
  },
  "divergence_onset_step": {
    "\"a bicycle on the left\" vs \"a bus on the right\"": 2,
    "\"a bicycle on the left\" vs CLIP AND: \"a bicycle on the left and a bus on the right\"": 2,
    "\"a bicycle on the left\" vs SuperDIFF (FM-ODE): \"a bicycle on the left\" \u2227 \"a bus on the right\"": 4,
    "\"a bicycle on the left\" vs Guided (\u03b1=0.1)": 2,
    "\"a bicycle on the left\" vs Guided (\u03b1=0.4)": 3,
    "\"a bicycle on the left\" vs Guided (\u03b1=0.6)": 3,
    "\"a bicycle on the left\" vs Guided (\u03b1=0.7)": 3,
    "\"a bus on the right\" vs CLIP AND: \"a bicycle on the left and a bus on the right\"": 2,
    "\"a bus on the right\" vs SuperDIFF (FM-ODE): \"a bicycle on the left\" \u2227 \"a bus on the right\"": 2,
    "\"a bus on the right\" vs Guided (\u03b1=0.1)": 3,
    "\"a bus on the right\" vs Guided (\u03b1=0.4)": 3,
    "\"a bus on the right\" vs Guided (\u03b1=0.6)": 2,
    "\"a bus on the right\" vs Guided (\u03b1=0.7)": 2,
    "CLIP AND: \"a bicycle on the left and a bus on the right\" vs SuperDIFF (FM-ODE): \"a bicycle on the left\" \u2227 \"a bus on the right\"": 2,
    "CLIP AND: \"a bicycle on the left and a bus on the right\" vs Guided (\u03b1=0.1)": 7,
    "CLIP AND: \"a bicycle on the left and a bus on the right\" vs Guided (\u03b1=0.4)": 4,
    "CLIP AND: \"a bicycle on the left and a bus on the right\" vs Guided (\u03b1=0.6)": 2,
    "CLIP AND: \"a bicycle on the left and a bus on the right\" vs Guided (\u03b1=0.7)": 2,
    "SuperDIFF (FM-ODE): \"a bicycle on the left\" \u2227 \"a bus on the right\" vs Guided (\u03b1=0.1)": 2,
    "SuperDIFF (FM-ODE): \"a bicycle on the left\" \u2227 \"a bus on the right\" vs Guided (\u03b1=0.4)": 2,
    "SuperDIFF (FM-ODE): \"a bicycle on the left\" \u2227 \"a bus on the right\" vs Guided (\u03b1=0.6)": 3,
    "SuperDIFF (FM-ODE): \"a bicycle on the left\" \u2227 \"a bus on the right\" vs Guided (\u03b1=0.7)": 3,
    "Guided (\u03b1=0.1) vs Guided (\u03b1=0.4)": 5,
    "Guided (\u03b1=0.1) vs Guided (\u03b1=0.6)": 3,
    "Guided (\u03b1=0.1) vs Guided (\u03b1=0.7)": 2,
    "Guided (\u03b1=0.4) vs Guided (\u03b1=0.6)": 4,
    "Guided (\u03b1=0.4) vs Guided (\u03b1=0.7)": 3,
    "Guided (\u03b1=0.6) vs Guided (\u03b1=0.7)": 3
  },