{
  "pca_variance_explained": {
    "PC1": 0.8624404668807983,
    "PC2": 0.0760127454996109
  },
  "pca_total_variance_top2": 0.938453197479248,
  "endpoint_distances_l2": {
    "\"two blue apples\" vs \"a red table\"": 508.999267578125,
    "\"two blue apples\" vs CLIP AND: \"two blue apples and a red table\"": 554.8981323242188,
    "\"two blue apples\" vs SuperDIFF (FM-ODE): \"two blue apples\" \u2227 \"a red table\"": 423.8444519042969,
    "\"two blue apples\" vs Guided (\u03b1=0.3)": 509.789794921875,
    "\"two blue apples\" vs Guided (\u03b1=0.5)": 465.2591247558594,
    "\"two blue apples\" vs Guided (\u03b1=0.7)": 421.38330078125,
    "\"a red table\" vs CLIP AND: \"two blue apples and a red table\"": 432.9418640136719,
    "\"a red table\" vs SuperDIFF (FM-ODE): \"two blue apples\" \u2227 \"a red table\"": 175.82421875,
    "\"a red table\" vs Guided (\u03b1=0.3)": 386.3106384277344,
    "\"a red table\" vs Guided (\u03b1=0.5)": 325.8709716796875,
    "\"a red table\" vs Guided (\u03b1=0.7)": 254.47125244140625,
    "CLIP AND: \"two blue apples and a red table\" vs SuperDIFF (FM-ODE): \"two blue apples\" \u2227 \"a red table\"": 407.13690185546875,
    "CLIP AND: \"two blue apples and a red table\" vs Guided (\u03b1=0.3)": 129.29461669921875,
    "CLIP AND: \"two blue apples and a red table\" vs Guided (\u03b1=0.5)": 207.8676300048828,
    "CLIP AND: \"two blue apples and a red table\" vs Guided (\u03b1=0.7)": 312.1077880859375,
    "SuperDIFF (FM-ODE): \"two blue apples\" \u2227 \"a red table\" vs Guided (\u03b1=0.3)": 357.8377380371094,
    "SuperDIFF (FM-ODE): \"two blue apples\" \u2227 \"a red table\" vs Guided (\u03b1=0.5)": 289.96453857421875,
    "SuperDIFF (FM-ODE): \"two blue apples\" \u2227 \"a red table\" vs Guided (\u03b1=0.7)": 199.1063690185547,
    "Guided (\u03b1=0.3) vs Guided (\u03b1=0.5)": 147.3919219970703,
    "Guided (\u03b1=0.3) vs Guided (\u03b1=0.7)": 264.63775634765625,
    "Guided (\u03b1=0.5) vs Guided (\u03b1=0.7)": 198.6197052001953
  },
  "endpoint_distances_projected": {
    "\"two blue apples\" vs \"a red table\"": 314.67138671875,
    "\"two blue apples\" vs CLIP AND: \"two blue apples and a red table\"": 544.4920043945312,
    "\"two blue apples\" vs SuperDIFF (FM-ODE): \"two blue apples\" \u2227 \"a red table\"": 269.7087097167969,
    "\"two blue apples\" vs Guided (\u03b1=0.3)": 496.29620361328125,
    "\"two blue apples\" vs Guided (\u03b1=0.5)": 431.2939758300781,
    "\"two blue apples\" vs Guided (\u03b1=0.7)": 332.2410888671875,
    "\"a red table\" vs CLIP AND: \"two blue apples and a red table\"": 276.2886047363281,
    "\"a red table\" vs SuperDIFF (FM-ODE): \"two blue apples\" \u2227 \"a red table\"": 46.021297454833984,
    "\"a red table\" vs Guided (\u03b1=0.3)": 224.90411376953125,
    "\"a red table\" vs Guided (\u03b1=0.5)": 153.5945587158203,
    "\"a red table\" vs Guided (\u03b1=0.7)": 60.474822998046875,
    "CLIP AND: \"two blue apples and a red table\" vs SuperDIFF (FM-ODE): \"two blue apples\" \u2227 \"a red table\"": 315.3099365234375,
    "CLIP AND: \"two blue apples and a red table\" vs Guided (\u03b1=0.3)": 51.58819580078125,
    "CLIP AND: \"two blue apples and a red table\" vs Guided (\u03b1=0.5)": 123.21918487548828,
    "CLIP AND: \"two blue apples and a red table\" vs Guided (\u03b1=0.7)": 227.59225463867188,
    "SuperDIFF (FM-ODE): \"two blue apples\" \u2227 \"a red table\" vs Guided (\u03b1=0.3)": 263.721923828125,
    "SuperDIFF (FM-ODE): \"two blue apples\" \u2227 \"a red table\" vs Guided (\u03b1=0.5)": 192.1102752685547,
    "SuperDIFF (FM-ODE): \"two blue apples\" \u2227 \"a red table\" vs Guided (\u03b1=0.7)": 89.1987533569336,
    "Guided (\u03b1=0.3) vs Guided (\u03b1=0.5)": 71.6367416381836,
    "Guided (\u03b1=0.3) vs Guided (\u03b1=0.7)": 176.1361083984375,
    "Guided (\u03b1=0.5) vs Guided (\u03b1=0.7)": 105.11239624023438
  },
  "divergence_onset_step": {
    "\"two blue apples\" vs \"a red table\"": 2,
    "\"two blue apples\" vs CLIP AND: \"two blue apples and a red table\"": 2,
    "\"two blue apples\" vs SuperDIFF (FM-ODE): \"two blue apples\" \u2227 \"a red table\"": 2,
    "\"two blue apples\" vs Guided (\u03b1=0.3)": 2,
    "\"two blue apples\" vs Guided (\u03b1=0.5)": 2,
    "\"two blue apples\" vs Guided (\u03b1=0.7)": 2,
    "\"a red table\" vs CLIP AND: \"two blue apples and a red table\"": 3,
    "\"a red table\" vs SuperDIFF (FM-ODE): \"two blue apples\" \u2227 \"a red table\"": 2,
    "\"a red table\" vs Guided (\u03b1=0.3)": 3,
    "\"a red table\" vs Guided (\u03b1=0.5)": 2,
    "\"a red table\" vs Guided (\u03b1=0.7)": 2,
    "CLIP AND: \"two blue apples and a red table\" vs SuperDIFF (FM-ODE): \"two blue apples\" \u2227 \"a red table\"": 2,
    "CLIP AND: \"two blue apples and a red table\" vs Guided (\u03b1=0.3)": 3,
    "CLIP AND: \"two blue apples and a red table\" vs Guided (\u03b1=0.5)": 3,
    "CLIP AND: \"two blue apples and a red table\" vs Guided (\u03b1=0.7)": 3,
    "SuperDIFF (FM-ODE): \"two blue apples\" \u2227 \"a red table\" vs Guided (\u03b1=0.3)": 3,
    "SuperDIFF (FM-ODE): \"two blue apples\" \u2227 \"a red table\" vs Guided (\u03b1=0.5)": 3,
    "SuperDIFF (FM-ODE): \"two blue apples\" \u2227 \"a red table\" vs Guided (\u03b1=0.7)": 3,
    "Guided (\u03b1=0.3) vs Guided (\u03b1=0.5)": 4,
    "Guided (\u03b1=0.3) vs Guided (\u03b1=0.7)": 4,
    "Guided (\u03b1=0.5) vs Guided (\u03b1=0.7)": 4
  },
  "total_path_length": {
    "\"two blue apples\"": 904.31298828125,
    "\"a red table\"": 961.164794921875,
    "CLIP AND: \"two blue apples and a red table\"": 866.6065673828125,
    "SuperDIFF (FM-ODE): \"two blue apples\" \u2227 \"a red table\"": 942.88916015625,
    "Guided (\u03b1=0.3)": 867.8201904296875,
    "Guided (\u03b1=0.5)": 879.1046752929688,
    "Guided (\u03b1=0.7)": 894.8260498046875
  },
  "final_tangent_cosine_similarity": {
    "\"two blue apples\" vs \"a red table\"": 0.7949997782707214,
    "\"two blue apples\" vs CLIP AND: \"two blue apples and a red table\"": 0.6878739595413208,
    "\"two blue apples\" vs SuperDIFF (FM-ODE): \"two blue apples\" \u2227 \"a red table\"": 0.8365962505340576,
    "\"two blue apples\" vs Guided (\u03b1=0.3)": 0.7355334758758545,
    "\"two blue apples\" vs Guided (\u03b1=0.5)": 0.8064841032028198,
    "\"two blue apples\" vs Guided (\u03b1=0.7)": 0.8394545912742615,
    "\"a red table\" vs CLIP AND: \"two blue apples and a red table\"": 0.8187598586082458,
    "\"a red table\" vs SuperDIFF (FM-ODE): \"two blue apples\" \u2227 \"a red table\"": 0.9517907500267029,
    "\"a red table\" vs Guided (\u03b1=0.3)": 0.8528842926025391,
    "\"a red table\" vs Guided (\u03b1=0.5)": 0.9094277620315552,
    "\"a red table\" vs Guided (\u03b1=0.7)": 0.9386796951293945,
    "CLIP AND: \"two blue apples and a red table\" vs SuperDIFF (FM-ODE): \"two blue apples\" \u2227 \"a red table\"": 0.8196184635162354,
    "CLIP AND: \"two blue apples and a red table\" vs Guided (\u03b1=0.3)": 0.9745272397994995,
    "CLIP AND: \"two blue apples and a red table\" vs Guided (\u03b1=0.5)": 0.9158548712730408,
    "CLIP AND: \"two blue apples and a red table\" vs Guided (\u03b1=0.7)": 0.8719622492790222,
    "SuperDIFF (FM-ODE): \"two blue apples\" \u2227 \"a red table\" vs Guided (\u03b1=0.3)": 0.8539186716079712,
    "SuperDIFF (FM-ODE): \"two blue apples\" \u2227 \"a red table\" vs Guided (\u03b1=0.5)": 0.9095643162727356,
    "SuperDIFF (FM-ODE): \"two blue apples\" \u2227 \"a red table\" vs Guided (\u03b1=0.7)": 0.9484589099884033,
    "Guided (\u03b1=0.3) vs Guided (\u03b1=0.5)": 0.9408963322639465,
    "Guided (\u03b1=0.3) vs Guided (\u03b1=0.7)": 0.9011597037315369,
    "Guided (\u03b1=0.5) vs Guided (\u03b1=0.7)": 0.9551565647125244
  },
  "config": {
    "prompts": [
      "two blue apples",
      "a red table"
    ],
    "num_prompts": 2,
    "prompt_a": "two blue apples",
    "prompt_b": "a red table",
    "monolithic_prompt": "two blue apples and a red table",