{
  "pca_variance_explained": {
    "PC1": 0.8466796875,
    "PC2": 0.060690056532621384
  },
  "pca_total_variance_top2": 0.9073697328567505,
  "endpoint_distances_l2": {
    "\"a cat and a dog\" vs \"cat on the left\"": 304.5862121582031,
    "\"a cat and a dog\" vs \"dog on the right\"": 411.2781982421875,
    "\"a cat and a dog\" vs CLIP AND: \"a cat and a dog and cat on the left and dog on the right\"": 435.64398193359375,
    "\"a cat and a dog\" vs SuperDIFF Multi-AND: \"a cat and a dog\" \u2227 \"cat on the left\" \u2227 \"dog on the right\"": 504.07086181640625,
    "\"a cat and a dog\" vs Guided (\u03b1=0.1)": 437.62646484375,
    "\"a cat and a dog\" vs Guided (\u03b1=0.3)": 441.41241455078125,
    "\"a cat and a dog\" vs Guided (\u03b1=0.5)": 438.97589111328125,
    "\"a cat and a dog\" vs Guided (\u03b1=0.7)": 429.6859436035156,
    "\"cat on the left\" vs \"dog on the right\"": 303.44036865234375,
    "\"cat on the left\" vs CLIP AND: \"a cat and a dog and cat on the left and dog on the right\"": 398.3830261230469,
    "\"cat on the left\" vs SuperDIFF Multi-AND: \"a cat and a dog\" \u2227 \"cat on the left\" \u2227 \"dog on the right\"": 386.958251953125,
    "\"cat on the left\" vs Guided (\u03b1=0.1)": 396.90802001953125,
    "\"cat on the left\" vs Guided (\u03b1=0.3)": 391.3824768066406,
    "\"cat on the left\" vs Guided (\u03b1=0.5)": 371.5257568359375,
    "\"cat on the left\" vs Guided (\u03b1=0.7)": 332.5417175292969,
    "\"dog on the right\" vs CLIP AND: \"a cat and a dog and cat on the left and dog on the right\"": 337.3266906738281,
    "\"dog on the right\" vs SuperDIFF Multi-AND: \"a cat and a dog\" \u2227 \"cat on the left\" \u2227 \"dog on the right\"": 310.5299987792969,
    "\"dog on the right\" vs Guided (\u03b1=0.1)": 332.6907653808594,
    "\"dog on the right\" vs Guided (\u03b1=0.3)": 315.4246826171875,
    "\"dog on the right\" vs Guided (\u03b1=0.5)": 295.2236328125,
    "\"dog on the right\" vs Guided (\u03b1=0.7)": 252.01864624023438,
    "CLIP AND: \"a cat and a dog and cat on the left and dog on the right\" vs SuperDIFF Multi-AND: \"a cat and a dog\" \u2227 \"cat on the left\" \u2227 \"dog on the right\"": 388.37786865234375,
    "CLIP AND: \"a cat and a dog and cat on the left and dog on the right\" vs Guided (\u03b1=0.1)": 43.09403991699219,
    "CLIP AND: \"a cat and a dog and cat on the left and dog on the right\" vs Guided (\u03b1=0.3)": 136.16395568847656,
    "CLIP AND: \"a cat and a dog and cat on the left and dog on the right\" vs Guided (\u03b1=0.5)": 199.6192169189453,
    "CLIP AND: \"a cat and a dog and cat on the left and dog on the right\" vs Guided (\u03b1=0.7)": 255.36697387695312,
    "SuperDIFF Multi-AND: \"a cat and a dog\" \u2227 \"cat on the left\" \u2227 \"dog on the right\" vs Guided (\u03b1=0.1)": 383.38751220703125,
    "SuperDIFF Multi-AND: \"a cat and a dog\" \u2227 \"cat on the left\" \u2227 \"dog on the right\" vs Guided (\u03b1=0.3)": 367.8279113769531,
    "SuperDIFF Multi-AND: \"a cat and a dog\" \u2227 \"cat on the left\" \u2227 \"dog on the right\" vs Guided (\u03b1=0.5)": 347.66204833984375,
    "SuperDIFF Multi-AND: \"a cat and a dog\" \u2227 \"cat on the left\" \u2227 \"dog on the right\" vs Guided (\u03b1=0.7)": 310.37689208984375,
    "Guided (\u03b1=0.1) vs Guided (\u03b1=0.3)": 120.7927017211914,
    "Guided (\u03b1=0.1) vs Guided (\u03b1=0.5)": 188.10154724121094,
    "Guided (\u03b1=0.1) vs Guided (\u03b1=0.7)": 246.3671875,
    "Guided (\u03b1=0.3) vs Guided (\u03b1=0.5)": 147.0150604248047,
    "Guided (\u03b1=0.3) vs Guided (\u03b1=0.7)": 217.17259216308594,
    "Guided (\u03b1=0.5) vs Guided (\u03b1=0.7)": 150.30593872070312
  },
  "endpoint_distances_projected": {
    "\"a cat and a dog\" vs \"cat on the left\"": 46.02804946899414,
    "\"a cat and a dog\" vs \"dog on the right\"": 190.9976043701172,
    "\"a cat and a dog\" vs CLIP AND: \"a cat and a dog and cat on the left and dog on the right\"": 395.7744140625,
    "\"a cat and a dog\" vs SuperDIFF Multi-AND: \"a cat and a dog\" \u2227 \"cat on the left\" \u2227 \"dog on the right\"": 239.57957458496094,
    "\"a cat and a dog\" vs Guided (\u03b1=0.1)": 398.3782043457031,
    "\"a cat and a dog\" vs Guided (\u03b1=0.3)": 393.44195556640625,
    "\"a cat and a dog\" vs Guided (\u03b1=0.5)": 364.24908447265625,
    "\"a cat and a dog\" vs Guided (\u03b1=0.7)": 304.9525451660156,
    "\"cat on the left\" vs \"dog on the right\"": 148.63900756835938,
    "\"cat on the left\" vs CLIP AND: \"a cat and a dog and cat on the left and dog on the right\"": 357.7745666503906,
    "\"cat on the left\" vs SuperDIFF Multi-AND: \"a cat and a dog\" \u2227 \"cat on the left\" \u2227 \"dog on the right\"": 194.35499572753906,
    "\"cat on the left\" vs Guided (\u03b1=0.1)": 360.1707458496094,
    "\"cat on the left\" vs Guided (\u03b1=0.3)": 354.7057189941406,
    "\"cat on the left\" vs Guided (\u03b1=0.5)": 324.8006286621094,
    "\"cat on the left\" vs Guided (\u03b1=0.7)": 264.08050537109375,
    "\"dog on the right\" vs CLIP AND: \"a cat and a dog and cat on the left and dog on the right\"": 213.03341674804688,
    "\"dog on the right\" vs SuperDIFF Multi-AND: \"a cat and a dog\" \u2227 \"cat on the left\" \u2227 \"dog on the right\"": 62.43263244628906,
    "\"dog on the right\" vs Guided (\u03b1=0.1)": 215.0423126220703,
    "\"dog on the right\" vs Guided (\u03b1=0.3)": 208.76797485351562,
    "\"dog on the right\" vs Guided (\u03b1=0.5)": 178.0546417236328,
    "\"dog on the right\" vs Guided (\u03b1=0.7)": 116.00564575195312,
    "CLIP AND: \"a cat and a dog and cat on the left and dog on the right\" vs SuperDIFF Multi-AND: \"a cat and a dog\" \u2227 \"cat on the left\" \u2227 \"dog on the right\"": 197.9648895263672,
    "CLIP AND: \"a cat and a dog and cat on the left and dog on the right\" vs Guided (\u03b1=0.1)": 3.933398723602295,
    "CLIP AND: \"a cat and a dog and cat on the left and dog on the right\" vs Guided (\u03b1=0.3)": 11.1930513381958,
    "CLIP AND: \"a cat and a dog and cat on the left and dog on the right\" vs Guided (\u03b1=0.5)": 38.48345184326172,
    "CLIP AND: \"a cat and a dog and cat on the left and dog on the right\" vs Guided (\u03b1=0.7)": 100.51203155517578,
    "SuperDIFF Multi-AND: \"a cat and a dog\" \u2227 \"cat on the left\" \u2227 \"dog on the right\" vs Guided (\u03b1=0.1)": 198.90615844726562,
    "SuperDIFF Multi-AND: \"a cat and a dog\" \u2227 \"cat on the left\" \u2227 \"dog on the right\" vs Guided (\u03b1=0.3)": 190.8446807861328,
    "SuperDIFF Multi-AND: \"a cat and a dog\" \u2227 \"cat on the left\" \u2227 \"dog on the right\" vs Guided (\u03b1=0.5)": 159.69496154785156,
    "SuperDIFF Multi-AND: \"a cat and a dog\" \u2227 \"cat on the left\" \u2227 \"dog on the right\" vs Guided (\u03b1=0.7)": 98.52837371826172,
    "Guided (\u03b1=0.1) vs Guided (\u03b1=0.3)": 9.437789916992188,
    "Guided (\u03b1=0.1) vs Guided (\u03b1=0.5)": 39.216209411621094,
    "Guided (\u03b1=0.1) vs Guided (\u03b1=0.7)": 101.87289428710938,
    "Guided (\u03b1=0.3) vs Guided (\u03b1=0.5)": 31.378507614135742,
    "Guided (\u03b1=0.3) vs Guided (\u03b1=0.7)": 94.56057739257812,
    "Guided (\u03b1=0.5) vs Guided (\u03b1=0.7)": 63.230289459228516
  },