{
  "pca_variance_explained": {
    "PC1": 0.874250054359436,
    "PC2": 0.08083711564540863
  },
  "pca_total_variance_top2": 0.9550871849060059,
  "endpoint_distances_l2": {
    "\"a book on the left\" vs \"a bird on the right\"": 466.15985107421875,
    "\"a book on the left\" vs CLIP AND: \"a book on the left and a bird on the right\"": 281.44512939453125,
    "\"a book on the left\" vs SuperDIFF (FM-ODE): \"a book on the left\" \u2227 \"a bird on the right\"": 187.19906616210938,
    "\"a book on the left\" vs Guided (\u03b1=0.3)": 278.97564697265625,
    "\"a book on the left\" vs Guided (\u03b1=0.5)": 269.5171813964844,
    "\"a book on the left\" vs Guided (\u03b1=0.7)": 263.1932067871094,
    "\"a bird on the right\" vs CLIP AND: \"a book on the left and a bird on the right\"": 510.0952453613281,
    "\"a bird on the right\" vs SuperDIFF (FM-ODE): \"a book on the left\" \u2227 \"a bird on the right\"": 465.37109375,
    "\"a bird on the right\" vs Guided (\u03b1=0.3)": 508.42425537109375,
    "\"a bird on the right\" vs Guided (\u03b1=0.5)": 497.4323425292969,
    "\"a bird on the right\" vs Guided (\u03b1=0.7)": 489.9816589355469,
    "CLIP AND: \"a book on the left and a bird on the right\" vs SuperDIFF (FM-ODE): \"a book on the left\" \u2227 \"a bird on the right\"": 247.09759521484375,
    "CLIP AND: \"a book on the left and a bird on the right\" vs Guided (\u03b1=0.3)": 145.97988891601562,
    "CLIP AND: \"a book on the left and a bird on the right\" vs Guided (\u03b1=0.5)": 165.0355987548828,
    "CLIP AND: \"a book on the left and a bird on the right\" vs Guided (\u03b1=0.7)": 168.42697143554688,
    "SuperDIFF (FM-ODE): \"a book on the left\" \u2227 \"a bird on the right\" vs Guided (\u03b1=0.3)": 239.75741577148438,
    "SuperDIFF (FM-ODE): \"a book on the left\" \u2227 \"a bird on the right\" vs Guided (\u03b1=0.5)": 225.46469116210938,
    "SuperDIFF (FM-ODE): \"a book on the left\" \u2227 \"a bird on the right\" vs Guided (\u03b1=0.7)": 210.70248413085938,
    "Guided (\u03b1=0.3) vs Guided (\u03b1=0.5)": 95.47235870361328,
    "Guided (\u03b1=0.3) vs Guided (\u03b1=0.7)": 108.30519104003906,
    "Guided (\u03b1=0.5) vs Guided (\u03b1=0.7)": 61.1430549621582
  },
  "endpoint_distances_projected": {
    "\"a book on the left\" vs \"a bird on the right\"": 402.7678527832031,
    "\"a book on the left\" vs CLIP AND: \"a book on the left and a bird on the right\"": 94.36534881591797,
    "\"a book on the left\" vs SuperDIFF (FM-ODE): \"a book on the left\" \u2227 \"a bird on the right\"": 22.59735870361328,
    "\"a book on the left\" vs Guided (\u03b1=0.3)": 100.10195922851562,
    "\"a book on the left\" vs Guided (\u03b1=0.5)": 89.2016830444336,
    "\"a book on the left\" vs Guided (\u03b1=0.7)": 81.34449005126953,
    "\"a bird on the right\" vs CLIP AND: \"a book on the left and a bird on the right\"": 496.9564514160156,
    "\"a bird on the right\" vs SuperDIFF (FM-ODE): \"a book on the left\" \u2227 \"a bird on the right\"": 424.20867919921875,
    "\"a bird on the right\" vs Guided (\u03b1=0.3)": 502.8675537109375,
    "\"a bird on the right\" vs Guided (\u03b1=0.5)": 491.9078674316406,
    "\"a bird on the right\" vs Guided (\u03b1=0.7)": 483.8892822265625,
    "CLIP AND: \"a book on the left and a bird on the right\" vs SuperDIFF (FM-ODE): \"a book on the left\" \u2227 \"a bird on the right\"": 74.05477905273438,
    "CLIP AND: \"a book on the left and a bird on the right\" vs Guided (\u03b1=0.3)": 9.312432289123535,
    "CLIP AND: \"a book on the left and a bird on the right\" vs Guided (\u03b1=0.5)": 11.259577751159668,
    "CLIP AND: \"a book on the left and a bird on the right\" vs Guided (\u03b1=0.7)": 18.442970275878906,
    "SuperDIFF (FM-ODE): \"a book on the left\" \u2227 \"a bird on the right\" vs Guided (\u03b1=0.3)": 78.9956283569336,
    "SuperDIFF (FM-ODE): \"a book on the left\" \u2227 \"a bird on the right\" vs Guided (\u03b1=0.5)": 67.84746551513672,
    "SuperDIFF (FM-ODE): \"a book on the left\" \u2227 \"a bird on the right\" vs Guided (\u03b1=0.7)": 59.70322036743164,
    "Guided (\u03b1=0.3) vs Guided (\u03b1=0.5)": 11.353676795959473,
    "Guided (\u03b1=0.3) vs Guided (\u03b1=0.7)": 19.90175437927246,
    "Guided (\u03b1=0.5) vs Guided (\u03b1=0.7)": 8.56771183013916
  },
  "divergence_onset_step": {
    "\"a book on the left\" vs \"a bird on the right\"": 2,
    "\"a book on the left\" vs CLIP AND: \"a book on the left and a bird on the right\"": 5,
    "\"a book on the left\" vs SuperDIFF (FM-ODE): \"a book on the left\" \u2227 \"a bird on the right\"": 6,
    "\"a book on the left\" vs Guided (\u03b1=0.3)": 5,
    "\"a book on the left\" vs Guided (\u03b1=0.5)": 5,
    "\"a book on the left\" vs Guided (\u03b1=0.7)": 6,
    "\"a bird on the right\" vs CLIP AND: \"a book on the left and a bird on the right\"": 2,
    "\"a bird on the right\" vs SuperDIFF (FM-ODE): \"a book on the left\" \u2227 \"a bird on the right\"": 2,
    "\"a bird on the right\" vs Guided (\u03b1=0.3)": 2,
    "\"a bird on the right\" vs Guided (\u03b1=0.5)": 2,
    "\"a bird on the right\" vs Guided (\u03b1=0.7)": 2,
    "CLIP AND: \"a book on the left and a bird on the right\" vs SuperDIFF (FM-ODE): \"a book on the left\" \u2227 \"a bird on the right\"": 4,
    "CLIP AND: \"a book on the left and a bird on the right\" vs Guided (\u03b1=0.3)": 6,
    "CLIP AND: \"a book on the left and a bird on the right\" vs Guided (\u03b1=0.5)": 5,
    "CLIP AND: \"a book on the left and a bird on the right\" vs Guided (\u03b1=0.7)": 4,
    "SuperDIFF (FM-ODE): \"a book on the left\" \u2227 \"a bird on the right\" vs Guided (\u03b1=0.3)": 5,
    "SuperDIFF (FM-ODE): \"a book on the left\" \u2227 \"a bird on the right\" vs Guided (\u03b1=0.5)": 6,
    "SuperDIFF (FM-ODE): \"a book on the left\" \u2227 \"a bird on the right\" vs Guided (\u03b1=0.7)": 6,
    "Guided (\u03b1=0.3) vs Guided (\u03b1=0.5)": 6,
    "Guided (\u03b1=0.3) vs Guided (\u03b1=0.7)": 5,
    "Guided (\u03b1=0.5) vs Guided (\u03b1=0.7)": 5
  },
  "total_path_length": {
    "\"a book on the left\"": 808.1632080078125,
    "\"a bird on the right\"": 767.3607177734375,
    "CLIP AND: \"a book on the left and a bird on the right\"": 823.7176513671875,
    "SuperDIFF (FM-ODE): \"a book on the left\" \u2227 \"a bird on the right\"": 814.9378662109375,
    "Guided (\u03b1=0.3)": 827.8906860351562,
    "Guided (\u03b1=0.5)": 824.7998046875,
    "Guided (\u03b1=0.7)": 823.923828125
  },