{
  "pca_variance_explained": {
    "PC1": 0.7877633571624756,
    "PC2": 0.10179701447486877
  },
  "pca_total_variance_top2": 0.889560341835022,
  "endpoint_distances_l2": {
    "\"a dog\" vs \"a cat\"": 254.07138061523438,
    "\"a dog\" vs CLIP AND: \"a dog and a cat\"": 267.40838623046875,
    "\"a dog\" vs PoE: \"a dog\" \u00d7 \"a cat\"": 331.044921875,
    "\"a dog\" vs SuperDIFF (FM-ODE): \"a dog\" \u2227 \"a cat\"": 244.0729522705078,
    "\"a dog\" vs SuperDIFF Multi-AND: \"a portrait\" \u2227 \"oil painting style\" \u2227 \"dramatic lighting\"": 417.869384765625,
    "\"a cat\" vs CLIP AND: \"a dog and a cat\"": 292.11279296875,
    "\"a cat\" vs PoE: \"a dog\" \u00d7 \"a cat\"": 322.08843994140625,
    "\"a cat\" vs SuperDIFF (FM-ODE): \"a dog\" \u2227 \"a cat\"": 308.2927551269531,
    "\"a cat\" vs SuperDIFF Multi-AND: \"a portrait\" \u2227 \"oil painting style\" \u2227 \"dramatic lighting\"": 411.5697937011719,
    "CLIP AND: \"a dog and a cat\" vs PoE: \"a dog\" \u00d7 \"a cat\"": 316.2569580078125,
    "CLIP AND: \"a dog and a cat\" vs SuperDIFF (FM-ODE): \"a dog\" \u2227 \"a cat\"": 309.06817626953125,
    "CLIP AND: \"a dog and a cat\" vs SuperDIFF Multi-AND: \"a portrait\" \u2227 \"oil painting style\" \u2227 \"dramatic lighting\"": 469.0835266113281,
    "PoE: \"a dog\" \u00d7 \"a cat\" vs SuperDIFF (FM-ODE): \"a dog\" \u2227 \"a cat\"": 415.2327575683594,
    "PoE: \"a dog\" \u00d7 \"a cat\" vs SuperDIFF Multi-AND: \"a portrait\" \u2227 \"oil painting style\" \u2227 \"dramatic lighting\"": 533.8952026367188,
    "SuperDIFF (FM-ODE): \"a dog\" \u2227 \"a cat\" vs SuperDIFF Multi-AND: \"a portrait\" \u2227 \"oil painting style\" \u2227 \"dramatic lighting\"": 454.3880920410156
  },
  "endpoint_distances_projected": {
    "\"a dog\" vs \"a cat\"": 15.798598289489746,
    "\"a dog\" vs CLIP AND: \"a dog and a cat\"": 84.42143249511719,
    "\"a dog\" vs PoE: \"a dog\" \u00d7 \"a cat\"": 165.0670166015625,
    "\"a dog\" vs SuperDIFF (FM-ODE): \"a dog\" \u2227 \"a cat\"": 27.9885311126709,
    "\"a dog\" vs SuperDIFF Multi-AND: \"a portrait\" \u2227 \"oil painting style\" \u2227 \"dramatic lighting\"": 366.2930603027344,
    "\"a cat\" vs CLIP AND: \"a dog and a cat\"": 86.61896514892578,
    "\"a cat\" vs PoE: \"a dog\" \u00d7 \"a cat\"": 170.88980102539062,
    "\"a cat\" vs SuperDIFF (FM-ODE): \"a dog\" \u2227 \"a cat\"": 37.64836883544922,
    "\"a cat\" vs SuperDIFF Multi-AND: \"a portrait\" \u2227 \"oil painting style\" \u2227 \"dramatic lighting\"": 354.7114562988281,
    "CLIP AND: \"a dog and a cat\" vs PoE: \"a dog\" \u00d7 \"a cat\"": 87.38278198242188,
    "CLIP AND: \"a dog and a cat\" vs SuperDIFF (FM-ODE): \"a dog\" \u2227 \"a cat\"": 109.836669921875,
    "CLIP AND: \"a dog and a cat\" vs SuperDIFF Multi-AND: \"a portrait\" \u2227 \"oil painting style\" \u2227 \"dramatic lighting\"": 429.90216064453125,
    "PoE: \"a dog\" \u00d7 \"a cat\" vs SuperDIFF (FM-ODE): \"a dog\" \u2227 \"a cat\"": 185.95510864257812,
    "PoE: \"a dog\" \u00d7 \"a cat\" vs SuperDIFF Multi-AND: \"a portrait\" \u2227 \"oil painting style\" \u2227 \"dramatic lighting\"": 517.0022583007812,
    "SuperDIFF (FM-ODE): \"a dog\" \u2227 \"a cat\" vs SuperDIFF Multi-AND: \"a portrait\" \u2227 \"oil painting style\" \u2227 \"dramatic lighting\"": 359.4712829589844
  },
  "divergence_onset_step": {
    "\"a dog\" vs \"a cat\"": 3,
    "\"a dog\" vs CLIP AND: \"a dog and a cat\"": 3,
    "\"a dog\" vs PoE: \"a dog\" \u00d7 \"a cat\"": 3,
    "\"a dog\" vs SuperDIFF (FM-ODE): \"a dog\" \u2227 \"a cat\"": 0,
    "\"a dog\" vs SuperDIFF Multi-AND: \"a portrait\" \u2227 \"oil painting style\" \u2227 \"dramatic lighting\"": 0,
    "\"a cat\" vs CLIP AND: \"a dog and a cat\"": 3,
    "\"a cat\" vs PoE: \"a dog\" \u00d7 \"a cat\"": 3,
    "\"a cat\" vs SuperDIFF (FM-ODE): \"a dog\" \u2227 \"a cat\"": 0,
    "\"a cat\" vs SuperDIFF Multi-AND: \"a portrait\" \u2227 \"oil painting style\" \u2227 \"dramatic lighting\"": 0,
    "CLIP AND: \"a dog and a cat\" vs PoE: \"a dog\" \u00d7 \"a cat\"": 3,
    "CLIP AND: \"a dog and a cat\" vs SuperDIFF (FM-ODE): \"a dog\" \u2227 \"a cat\"": 0,
    "CLIP AND: \"a dog and a cat\" vs SuperDIFF Multi-AND: \"a portrait\" \u2227 \"oil painting style\" \u2227 \"dramatic lighting\"": 1,
    "PoE: \"a dog\" \u00d7 \"a cat\" vs SuperDIFF (FM-ODE): \"a dog\" \u2227 \"a cat\"": 0,
    "PoE: \"a dog\" \u00d7 \"a cat\" vs SuperDIFF Multi-AND: \"a portrait\" \u2227 \"oil painting style\" \u2227 \"dramatic lighting\"": 1,
    "SuperDIFF (FM-ODE): \"a dog\" \u2227 \"a cat\" vs SuperDIFF Multi-AND: \"a portrait\" \u2227 \"oil painting style\" \u2227 \"dramatic lighting\"": 2
  },
  "total_path_length": {
    "\"a dog\"": 730.78955078125,
    "\"a cat\"": 724.7808227539062,
    "CLIP AND: \"a dog and a cat\"": 695.2210693359375,
    "PoE: \"a dog\" \u00d7 \"a cat\"": 731.0449829101562,
    "SuperDIFF (FM-ODE): \"a dog\" \u2227 \"a cat\"": 763.4354858398438,
    "SuperDIFF Multi-AND: \"a portrait\" \u2227 \"oil painting style\" \u2227 \"dramatic lighting\"": 743.9814453125
  },
  "final_tangent_cosine_similarity": {
    "\"a dog\" vs \"a cat\"": 0.8969742655754089,
    "\"a dog\" vs CLIP AND: \"a dog and a cat\"": 0.8812359571456909,
    "\"a dog\" vs PoE: \"a dog\" \u00d7 \"a cat\"": 0.8239720463752747,
    "\"a dog\" vs SuperDIFF (FM-ODE): \"a dog\" \u2227 \"a cat\"": 0.0,
    "\"a dog\" vs SuperDIFF Multi-AND: \"a portrait\" \u2227 \"oil painting style\" \u2227 \"dramatic lighting\"": 0.0,
    "\"a cat\" vs CLIP AND: \"a dog and a cat\"": 0.8561794757843018,
    "\"a cat\" vs PoE: \"a dog\" \u00d7 \"a cat\"": 0.8291873931884766,
    "\"a cat\" vs SuperDIFF (FM-ODE): \"a dog\" \u2227 \"a cat\"": 0.0,
    "\"a cat\" vs SuperDIFF Multi-AND: \"a portrait\" \u2227 \"oil painting style\" \u2227 \"dramatic lighting\"": 0.0,
    "CLIP AND: \"a dog and a cat\" vs PoE: \"a dog\" \u00d7 \"a cat\"": 0.8334184288978577,
    "CLIP AND: \"a dog and a cat\" vs SuperDIFF (FM-ODE): \"a dog\" \u2227 \"a cat\"": 0.0,
    "CLIP AND: \"a dog and a cat\" vs SuperDIFF Multi-AND: \"a portrait\" \u2227 \"oil painting style\" \u2227 \"dramatic lighting\"": 0.0,
    "PoE: \"a dog\" \u00d7 \"a cat\" vs SuperDIFF (FM-ODE): \"a dog\" \u2227 \"a cat\"": 0.0,
    "PoE: \"a dog\" \u00d7 \"a cat\" vs SuperDIFF Multi-AND: \"a portrait\" \u2227 \"oil painting style\" \u2227 \"dramatic lighting\"": 0.0,
    "SuperDIFF (FM-ODE): \"a dog\" \u2227 \"a cat\" vs SuperDIFF Multi-AND: \"a portrait\" \u2227 \"oil painting style\" \u2227 \"dramatic lighting\"": 0.0
  },
  "config": {
    "prompt_a": "a dog",
    "prompt_b": "a cat",
    "monolithic_prompt": "a dog and a cat",
    "model_id": "stabilityai/stable-diffusion-3.5-medium",
    "num_inference_steps": 50,
    "guidance_scale": 4.5,
    "seed": 42,
    "projection": "pca",
    "lift": 0.0
  },
  "clip_classifier": {
    "cosine_similarities": {
      "\"a dog\"": {
        "dog": 0.2146836221218109,
        "cat": 0.15464918315410614,
        "dog+cat": 0.1659369021654129
      },
      "\"a cat\"": {
        "dog": 0.18377450108528137,
        "cat": 0.2581450641155243,
        "dog+cat": 0.177830770611763
      },
      "CLIP AND: \"a dog and a cat\"": {
        "dog": 0.16022513806819916,
        "cat": 0.17623071372509003,
        "dog+cat": 0.21405617892742157
      },
      "PoE: \"a dog\" \u00d7 \"a cat\"": {
        "dog": 0.21060693264007568,
        "cat": 0.1558910459280014,
        "dog+cat": 0.16286291182041168
      },
      "SuperDIFF (FM-ODE): \"a dog\" \u2227 \"a cat\"": {
        "dog": 0.20536577701568604,
        "cat": 0.14919564127922058,
        "dog+cat": 0.1563212126493454
      },
      "SuperDIFF Multi-AND: \"a portrait\" \u2227 \"oil painting style\" \u2227 \"dramatic lighting\"": {
        "dog": 0.14226222038269043,
        "cat": 0.13924267888069153,
        "dog+cat": 0.07769548147916794
      }
    },