{
  "pair": [
    "a person",
    "an umbrella"
  ],
  "slug": "a_person_an_umbrella",
  "n_seeds": 16,
  "gap_and_pstar": {
    "clip_cos": 0.6538378000259399,
    "lpips": 0.5157162547111511,
    "lat_mse": 0.2301025390625,
    "traj_mse_mean": 0.09457203105934187,
    "traj_cos_mean": 0.9440093883872033
  },
  "gap_and_mono": {
    "clip_cos": 0.7001264095306396,
    "lpips": 0.5059874057769775
  },
  "decoded_p_star": [
    {
      "prompt": "a person",
      "cos_sim": 0.9104
    },
    {
      "prompt": "a person standing under an umbrella",
      "cos_sim": 0.7316
    },
    {
      "prompt": "an umbrella",
      "cos_sim": 0.7247
    }
  ]
}