{
  "pca_variance_explained": {
    "PC1": 0.8461050987243652,
    "PC2": 0.061951931565999985
  },
  "pca_total_variance_top2": 0.9080570340156555,
  "endpoint_distances_l2": {
    "\"a cat and a dog\" vs \"cat on the left\"": 304.5862121582031,
    "\"a cat and a dog\" vs \"dog on the right\"": 411.2781982421875,
    "\"a cat and a dog\" vs CLIP AND: \"a cat and a dog and cat on the left and dog on the right\"": 435.64398193359375,
    "\"a cat and a dog\" vs SuperDIFF Multi-AND: \"a cat and a dog\" \u2227 \"cat on the left\" \u2227 \"dog on the right\"": 504.07086181640625,
    "\"a cat and a dog\" vs Guided (\u03b1=0.1)": 437.62646484375,
    "\"a cat and a dog\" vs Guided (\u03b1=0.3)": 441.41241455078125,
    "\"a cat and a dog\" vs Guided (\u03b1=0.5)": 438.97589111328125,
    "\"a cat and a dog\" vs Guided (\u03b1=0.7)": 429.6859436035156,
    "\"cat on the left\" vs \"dog on the right\"": 303.44036865234375,
    "\"cat on the left\" vs CLIP AND: \"a cat and a dog and cat on the left and dog on the right\"": 398.3830261230469,
    "\"cat on the left\" vs SuperDIFF Multi-AND: \"a cat and a dog\" \u2227 \"cat on the left\" \u2227 \"dog on the right\"": 386.958251953125,
    "\"cat on the left\" vs Guided (\u03b1=0.1)": 396.90802001953125,
    "\"cat on the left\" vs Guided (\u03b1=0.3)": 391.3824768066406,
    "\"cat on the left\" vs Guided (\u03b1=0.5)": 371.5257568359375,
    "\"cat on the left\" vs Guided (\u03b1=0.7)": 332.5417175292969,
    "\"dog on the right\" vs CLIP AND: \"a cat and a dog and cat on the left and dog on the right\"": 337.3266906738281,
    "\"dog on the right\" vs SuperDIFF Multi-AND: \"a cat and a dog\" \u2227 \"cat on the left\" \u2227 \"dog on the right\"": 310.5299987792969,
    "\"dog on the right\" vs Guided (\u03b1=0.1)": 332.6907653808594,
    "\"dog on the right\" vs Guided (\u03b1=0.3)": 315.4246826171875,
    "\"dog on the right\" vs Guided (\u03b1=0.5)": 295.2236328125,
    "\"dog on the right\" vs Guided (\u03b1=0.7)": 252.01864624023438,
    "CLIP AND: \"a cat and a dog and cat on the left and dog on the right\" vs SuperDIFF Multi-AND: \"a cat and a dog\" \u2227 \"cat on the left\" \u2227 \"dog on the right\"": 388.37786865234375,
    "CLIP AND: \"a cat and a dog and cat on the left and dog on the right\" vs Guided (\u03b1=0.1)": 43.09403991699219,
    "CLIP AND: \"a cat and a dog and cat on the left and dog on the right\" vs Guided (\u03b1=0.3)": 136.16395568847656,
    "CLIP AND: \"a cat and a dog and cat on the left and dog on the right\" vs Guided (\u03b1=0.5)": 199.6192169189453,
    "CLIP AND: \"a cat and a dog and cat on the left and dog on the right\" vs Guided (\u03b1=0.7)": 255.36697387695312,
    "SuperDIFF Multi-AND: \"a cat and a dog\" \u2227 \"cat on the left\" \u2227 \"dog on the right\" vs Guided (\u03b1=0.1)": 383.38751220703125,
    "SuperDIFF Multi-AND: \"a cat and a dog\" \u2227 \"cat on the left\" \u2227 \"dog on the right\" vs Guided (\u03b1=0.3)": 367.8279113769531,
    "SuperDIFF Multi-AND: \"a cat and a dog\" \u2227 \"cat on the left\" \u2227 \"dog on the right\" vs Guided (\u03b1=0.5)": 347.66204833984375,
    "SuperDIFF Multi-AND: \"a cat and a dog\" \u2227 \"cat on the left\" \u2227 \"dog on the right\" vs Guided (\u03b1=0.7)": 310.37689208984375,
    "Guided (\u03b1=0.1) vs Guided (\u03b1=0.3)": 120.7927017211914,
    "Guided (\u03b1=0.1) vs Guided (\u03b1=0.5)": 188.10154724121094,
    "Guided (\u03b1=0.1) vs Guided (\u03b1=0.7)": 246.3671875,
    "Guided (\u03b1=0.3) vs Guided (\u03b1=0.5)": 147.0150604248047,
    "Guided (\u03b1=0.3) vs Guided (\u03b1=0.7)": 217.17259216308594,
    "Guided (\u03b1=0.5) vs Guided (\u03b1=0.7)": 150.30593872070312
  },
  "endpoint_distances_projected": {
    "\"a cat and a dog\" vs \"cat on the left\"": 53.339576721191406,
    "\"a cat and a dog\" vs \"dog on the right\"": 207.03892517089844,
    "\"a cat and a dog\" vs CLIP AND: \"a cat and a dog and cat on the left and dog on the right\"": 402.8643798828125,
    "\"a cat and a dog\" vs SuperDIFF Multi-AND: \"a cat and a dog\" \u2227 \"cat on the left\" \u2227 \"dog on the right\"": 260.3705749511719,
    "\"a cat and a dog\" vs Guided (\u03b1=0.1)": 405.65618896484375,
    "\"a cat and a dog\" vs Guided (\u03b1=0.3)": 401.7702331542969,
    "\"a cat and a dog\" vs Guided (\u03b1=0.5)": 374.6054992675781,
    "\"a cat and a dog\" vs Guided (\u03b1=0.7)": 318.3731994628906,
    "\"cat on the left\" vs \"dog on the right\"": 155.1857452392578,
    "\"cat on the left\" vs CLIP AND: \"a cat and a dog and cat on the left and dog on the right\"": 353.4876403808594,
    "\"cat on the left\" vs SuperDIFF Multi-AND: \"a cat and a dog\" \u2227 \"cat on the left\" \u2227 \"dog on the right\"": 207.13125610351562,
    "\"cat on the left\" vs Guided (\u03b1=0.1)": 356.12847900390625,
    "\"cat on the left\" vs Guided (\u03b1=0.3)": 351.88525390625,
    "\"cat on the left\" vs Guided (\u03b1=0.5)": 324.2763366699219,
    "\"cat on the left\" vs Guided (\u03b1=0.7)": 267.1913757324219,
    "\"dog on the right\" vs CLIP AND: \"a cat and a dog and cat on the left and dog on the right\"": 201.04689025878906,
    "\"dog on the right\" vs SuperDIFF Multi-AND: \"a cat and a dog\" \u2227 \"cat on the left\" \u2227 \"dog on the right\"": 63.623687744140625,
    "\"dog on the right\" vs Guided (\u03b1=0.1)": 203.36508178710938,
    "\"dog on the right\" vs Guided (\u03b1=0.3)": 198.48703002929688,
    "\"dog on the right\" vs Guided (\u03b1=0.5)": 170.28562927246094,
    "\"dog on the right\" vs Guided (\u03b1=0.7)": 112.2761459350586,
    "CLIP AND: \"a cat and a dog and cat on the left and dog on the right\" vs SuperDIFF Multi-AND: \"a cat and a dog\" \u2227 \"cat on the left\" \u2227 \"dog on the right\"": 173.59645080566406,
    "CLIP AND: \"a cat and a dog and cat on the left and dog on the right\" vs Guided (\u03b1=0.1)": 3.945279359817505,
    "CLIP AND: \"a cat and a dog and cat on the left and dog on the right\" vs Guided (\u03b1=0.3)": 9.893664360046387,
    "CLIP AND: \"a cat and a dog and cat on the left and dog on the right\" vs Guided (\u03b1=0.5)": 34.04907989501953,
    "CLIP AND: \"a cat and a dog and cat on the left and dog on the right\" vs Guided (\u03b1=0.7)": 91.93781280517578,
    "SuperDIFF Multi-AND: \"a cat and a dog\" \u2227 \"cat on the left\" \u2227 \"dog on the right\" vs Guided (\u03b1=0.1)": 174.8467254638672,
    "SuperDIFF Multi-AND: \"a cat and a dog\" \u2227 \"cat on the left\" \u2227 \"dog on the right\" vs Guided (\u03b1=0.3)": 168.25888061523438,
    "SuperDIFF Multi-AND: \"a cat and a dog\" \u2227 \"cat on the left\" \u2227 \"dog on the right\" vs Guided (\u03b1=0.5)": 139.74549865722656,
    "SuperDIFF Multi-AND: \"a cat and a dog\" \u2227 \"cat on the left\" \u2227 \"dog on the right\" vs Guided (\u03b1=0.7)": 82.9041519165039,
    "Guided (\u03b1=0.1) vs Guided (\u03b1=0.3)": 8.079203605651855,
    "Guided (\u03b1=0.1) vs Guided (\u03b1=0.5)": 35.10270690917969,
    "Guided (\u03b1=0.1) vs Guided (\u03b1=0.7)": 93.63385009765625,
    "Guided (\u03b1=0.3) vs Guided (\u03b1=0.5)": 28.773958206176758,
    "Guided (\u03b1=0.3) vs Guided (\u03b1=0.7)": 87.80291748046875,
    "Guided (\u03b1=0.5) vs Guided (\u03b1=0.7)": 59.0667839050293
  },