{
  "pca_variance_explained": {
    "PC1": 0.8941522240638733,
    "PC2": 0.07348471879959106
  },
  "pca_total_variance_top2": 0.9676369428634644,
  "endpoint_distances_l2": {
    "\"a book on the left\" vs \"a bird on the right\"": 320.6019592285156,
    "\"a book on the left\" vs CLIP AND: \"a book on the left and a bird on the right\"": 183.09490966796875,
    "\"a book on the left\" vs SuperDIFF (FM-ODE): \"a book on the left\" \u2227 \"a bird on the right\"": 222.80264282226562,
    "\"a book on the left\" vs Guided (\u03b1=0.3)": 155.15054321289062,
    "\"a book on the left\" vs Guided (\u03b1=0.5)": 141.12533569335938,
    "\"a book on the left\" vs Guided (\u03b1=0.7)": 139.99476623535156,
    "\"a bird on the right\" vs CLIP AND: \"a book on the left and a bird on the right\"": 369.344970703125,
    "\"a bird on the right\" vs SuperDIFF (FM-ODE): \"a book on the left\" \u2227 \"a bird on the right\"": 183.8528289794922,
    "\"a bird on the right\" vs Guided (\u03b1=0.3)": 337.5777587890625,
    "\"a bird on the right\" vs Guided (\u03b1=0.5)": 314.9881896972656,
    "\"a bird on the right\" vs Guided (\u03b1=0.7)": 284.1856994628906,
    "CLIP AND: \"a book on the left and a bird on the right\" vs SuperDIFF (FM-ODE): \"a book on the left\" \u2227 \"a bird on the right\"": 286.9239196777344,
    "CLIP AND: \"a book on the left and a bird on the right\" vs Guided (\u03b1=0.3)": 123.08230590820312,
    "CLIP AND: \"a book on the left and a bird on the right\" vs Guided (\u03b1=0.5)": 144.22955322265625,
    "CLIP AND: \"a book on the left and a bird on the right\" vs Guided (\u03b1=0.7)": 185.46063232421875,
    "SuperDIFF (FM-ODE): \"a book on the left\" \u2227 \"a bird on the right\" vs Guided (\u03b1=0.3)": 255.5636444091797,
    "SuperDIFF (FM-ODE): \"a book on the left\" \u2227 \"a bird on the right\" vs Guided (\u03b1=0.5)": 234.591064453125,
    "SuperDIFF (FM-ODE): \"a book on the left\" \u2227 \"a bird on the right\" vs Guided (\u03b1=0.7)": 201.7202911376953,
    "Guided (\u03b1=0.3) vs Guided (\u03b1=0.5)": 74.18805694580078,
    "Guided (\u03b1=0.3) vs Guided (\u03b1=0.7)": 149.15521240234375,
    "Guided (\u03b1=0.5) vs Guided (\u03b1=0.7)": 131.1211700439453
  },
  "endpoint_distances_projected": {
    "\"a book on the left\" vs \"a bird on the right\"": 286.8472595214844,
    "\"a book on the left\" vs CLIP AND: \"a book on the left and a bird on the right\"": 72.5445785522461,
    "\"a book on the left\" vs SuperDIFF (FM-ODE): \"a book on the left\" \u2227 \"a bird on the right\"": 181.68124389648438,
    "\"a book on the left\" vs Guided (\u03b1=0.3)": 43.04645538330078,
    "\"a book on the left\" vs Guided (\u03b1=0.5)": 17.66507339477539,
    "\"a book on the left\" vs Guided (\u03b1=0.7)": 34.58742141723633,
    "\"a bird on the right\" vs CLIP AND: \"a book on the left and a bird on the right\"": 357.9752197265625,
    "\"a bird on the right\" vs SuperDIFF (FM-ODE): \"a book on the left\" \u2227 \"a bird on the right\"": 105.50675964355469,
    "\"a bird on the right\" vs Guided (\u03b1=0.3)": 328.2144775390625,
    "\"a bird on the right\" vs Guided (\u03b1=0.5)": 302.8069763183594,
    "\"a bird on the right\" vs Guided (\u03b1=0.7)": 254.67068481445312,
    "CLIP AND: \"a book on the left and a bird on the right\" vs SuperDIFF (FM-ODE): \"a book on the left\" \u2227 \"a bird on the right\"": 252.4967041015625,
    "CLIP AND: \"a book on the left and a bird on the right\" vs Guided (\u03b1=0.3)": 29.825267791748047,
    "CLIP AND: \"a book on the left and a bird on the right\" vs Guided (\u03b1=0.5)": 55.51547622680664,
    "CLIP AND: \"a book on the left and a bird on the right\" vs Guided (\u03b1=0.7)": 103.3071517944336,
    "SuperDIFF (FM-ODE): \"a book on the left\" \u2227 \"a bird on the right\" vs Guided (\u03b1=0.3)": 222.7568359375,
    "SuperDIFF (FM-ODE): \"a book on the left\" \u2227 \"a bird on the right\" vs Guided (\u03b1=0.5)": 197.41860961914062,
    "SuperDIFF (FM-ODE): \"a book on the left\" \u2227 \"a bird on the right\" vs Guided (\u03b1=0.7)": 149.18994140625,
    "Guided (\u03b1=0.3) vs Guided (\u03b1=0.5)": 25.7414608001709,
    "Guided (\u03b1=0.3) vs Guided (\u03b1=0.7)": 73.58142852783203,
    "Guided (\u03b1=0.5) vs Guided (\u03b1=0.7)": 48.49663543701172
  },
  "divergence_onset_step": {
    "\"a book on the left\" vs \"a bird on the right\"": 3,
    "\"a book on the left\" vs CLIP AND: \"a book on the left and a bird on the right\"": 3,
    "\"a book on the left\" vs SuperDIFF (FM-ODE): \"a book on the left\" \u2227 \"a bird on the right\"": 4,
    "\"a book on the left\" vs Guided (\u03b1=0.3)": 3,
    "\"a book on the left\" vs Guided (\u03b1=0.5)": 4,
    "\"a book on the left\" vs Guided (\u03b1=0.7)": 3,
    "\"a bird on the right\" vs CLIP AND: \"a book on the left and a bird on the right\"": 3,
    "\"a bird on the right\" vs SuperDIFF (FM-ODE): \"a book on the left\" \u2227 \"a bird on the right\"": 3,
    "\"a bird on the right\" vs Guided (\u03b1=0.3)": 3,
    "\"a bird on the right\" vs Guided (\u03b1=0.5)": 3,
    "\"a bird on the right\" vs Guided (\u03b1=0.7)": 3,
    "CLIP AND: \"a book on the left and a bird on the right\" vs SuperDIFF (FM-ODE): \"a book on the left\" \u2227 \"a bird on the right\"": 3,
    "CLIP AND: \"a book on the left and a bird on the right\" vs Guided (\u03b1=0.3)": 3,
    "CLIP AND: \"a book on the left and a bird on the right\" vs Guided (\u03b1=0.5)": 3,
    "CLIP AND: \"a book on the left and a bird on the right\" vs Guided (\u03b1=0.7)": 3,
    "SuperDIFF (FM-ODE): \"a book on the left\" \u2227 \"a bird on the right\" vs Guided (\u03b1=0.3)": 3,
    "SuperDIFF (FM-ODE): \"a book on the left\" \u2227 \"a bird on the right\" vs Guided (\u03b1=0.5)": 4,
    "SuperDIFF (FM-ODE): \"a book on the left\" \u2227 \"a bird on the right\" vs Guided (\u03b1=0.7)": 4,
    "Guided (\u03b1=0.3) vs Guided (\u03b1=0.5)": 3,
    "Guided (\u03b1=0.3) vs Guided (\u03b1=0.7)": 3,
    "Guided (\u03b1=0.5) vs Guided (\u03b1=0.7)": 5
  },
  "total_path_length": {
    "\"a book on the left\"": 630.4740600585938,
    "\"a bird on the right\"": 685.361328125,
    "CLIP AND: \"a book on the left and a bird on the right\"": 649.0264892578125,
    "SuperDIFF (FM-ODE): \"a book on the left\" \u2227 \"a bird on the right\"": 657.9328002929688,
    "Guided (\u03b1=0.3)": 639.81494140625,
    "Guided (\u03b1=0.5)": 634.5390625,
    "Guided (\u03b1=0.7)": 641.0604248046875
  },