{
  "pca_variance_explained": {
    "PC1": 0.7492938041687012,
    "PC2": 0.13488295674324036
  },
  "pca_total_variance_top2": 0.8841767311096191,
  "endpoint_distances_l2": {
    "\"a brown bench\" vs \"a white building\"": 582.0217895507812,
    "\"a brown bench\" vs CLIP AND: \"a brown bench in front of a white building\"": 638.478759765625,
    "\"a brown bench\" vs SuperDIFF (FM-ODE): \"a brown bench\" \u2227 \"a white building\"": 273.9351501464844,
    "\"a brown bench\" vs Guided (\u03b1=0.1)": 602.5733642578125,
    "\"a brown bench\" vs Guided (\u03b1=0.3)": 556.5603637695312,
    "\"a brown bench\" vs Guided (\u03b1=0.5)": 490.13525390625,
    "\"a brown bench\" vs Guided (\u03b1=0.7)": 338.2983703613281,
    "\"a white building\" vs CLIP AND: \"a brown bench in front of a white building\"": 522.377685546875,
    "\"a white building\" vs SuperDIFF (FM-ODE): \"a brown bench\" \u2227 \"a white building\"": 490.6604309082031,
    "\"a white building\" vs Guided (\u03b1=0.1)": 486.87725830078125,
    "\"a white building\" vs Guided (\u03b1=0.3)": 459.8107604980469,
    "\"a white building\" vs Guided (\u03b1=0.5)": 437.8490295410156,
    "\"a white building\" vs Guided (\u03b1=0.7)": 436.98333740234375,
    "CLIP AND: \"a brown bench in front of a white building\" vs SuperDIFF (FM-ODE): \"a brown bench\" \u2227 \"a white building\"": 609.7184448242188,
    "CLIP AND: \"a brown bench in front of a white building\" vs Guided (\u03b1=0.1)": 259.3414306640625,
    "CLIP AND: \"a brown bench in front of a white building\" vs Guided (\u03b1=0.3)": 278.16192626953125,
    "CLIP AND: \"a brown bench in front of a white building\" vs Guided (\u03b1=0.5)": 346.84344482421875,
    "CLIP AND: \"a brown bench in front of a white building\" vs Guided (\u03b1=0.7)": 449.9383850097656,
    "SuperDIFF (FM-ODE): \"a brown bench\" \u2227 \"a white building\" vs Guided (\u03b1=0.1)": 565.9935913085938,
    "SuperDIFF (FM-ODE): \"a brown bench\" \u2227 \"a white building\" vs Guided (\u03b1=0.3)": 518.518798828125,
    "SuperDIFF (FM-ODE): \"a brown bench\" \u2227 \"a white building\" vs Guided (\u03b1=0.5)": 451.7468566894531,
    "SuperDIFF (FM-ODE): \"a brown bench\" \u2227 \"a white building\" vs Guided (\u03b1=0.7)": 296.9446105957031,
    "Guided (\u03b1=0.1) vs Guided (\u03b1=0.3)": 142.2186737060547,
    "Guided (\u03b1=0.1) vs Guided (\u03b1=0.5)": 253.22769165039062,
    "Guided (\u03b1=0.1) vs Guided (\u03b1=0.7)": 403.2040100097656,
    "Guided (\u03b1=0.3) vs Guided (\u03b1=0.5)": 195.59835815429688,
    "Guided (\u03b1=0.3) vs Guided (\u03b1=0.7)": 362.0483093261719,
    "Guided (\u03b1=0.5) vs Guided (\u03b1=0.7)": 304.35205078125
  },
  "endpoint_distances_projected": {
    "\"a brown bench\" vs \"a white building\"": 338.28521728515625,
    "\"a brown bench\" vs CLIP AND: \"a brown bench in front of a white building\"": 603.8262329101562,
    "\"a brown bench\" vs SuperDIFF (FM-ODE): \"a brown bench\" \u2227 \"a white building\"": 44.46995544433594,
    "\"a brown bench\" vs Guided (\u03b1=0.1)": 576.3245849609375,
    "\"a brown bench\" vs Guided (\u03b1=0.3)": 526.900634765625,
    "\"a brown bench\" vs Guided (\u03b1=0.5)": 432.3899841308594,
    "\"a brown bench\" vs Guided (\u03b1=0.7)": 228.31234741210938,
    "\"a white building\" vs CLIP AND: \"a brown bench in front of a white building\"": 267.00982666015625,
    "\"a white building\" vs SuperDIFF (FM-ODE): \"a brown bench\" \u2227 \"a white building\"": 297.8813781738281,
    "\"a white building\" vs Guided (\u03b1=0.1)": 238.29696655273438,
    "\"a white building\" vs Guided (\u03b1=0.3)": 188.68719482421875,
    "\"a white building\" vs Guided (\u03b1=0.5)": 94.32332611083984,
    "\"a white building\" vs Guided (\u03b1=0.7)": 115.1779556274414,
    "CLIP AND: \"a brown bench in front of a white building\" vs SuperDIFF (FM-ODE): \"a brown bench\" \u2227 \"a white building\"": 564.4201049804688,
    "CLIP AND: \"a brown bench in front of a white building\" vs Guided (\u03b1=0.1)": 35.03714370727539,
    "CLIP AND: \"a brown bench in front of a white building\" vs Guided (\u03b1=0.3)": 87.575439453125,
    "CLIP AND: \"a brown bench in front of a white building\" vs Guided (\u03b1=0.5)": 176.08375549316406,
    "CLIP AND: \"a brown bench in front of a white building\" vs Guided (\u03b1=0.7)": 376.2043151855469,
    "SuperDIFF (FM-ODE): \"a brown bench\" \u2227 \"a white building\" vs Guided (\u03b1=0.1)": 536.1780395507812,
    "SuperDIFF (FM-ODE): \"a brown bench\" \u2227 \"a white building\" vs Guided (\u03b1=0.3)": 486.0694580078125,
    "SuperDIFF (FM-ODE): \"a brown bench\" \u2227 \"a white building\" vs Guided (\u03b1=0.5)": 391.54730224609375,
    "SuperDIFF (FM-ODE): \"a brown bench\" \u2227 \"a white building\" vs Guided (\u03b1=0.7)": 191.1590118408203,
    "Guided (\u03b1=0.1) vs Guided (\u03b1=0.3)": 53.55284118652344,
    "Guided (\u03b1=0.1) vs Guided (\u03b1=0.5)": 145.4440155029297,
    "Guided (\u03b1=0.1) vs Guided (\u03b1=0.7)": 349.8278503417969,
    "Guided (\u03b1=0.3) vs Guided (\u03b1=0.5)": 94.53446960449219,
    "Guided (\u03b1=0.3) vs Guided (\u03b1=0.7)": 302.263427734375,
    "Guided (\u03b1=0.5) vs Guided (\u03b1=0.7)": 208.75946044921875
  },
  "divergence_onset_step": {
    "\"a brown bench\" vs \"a white building\"": 2,
    "\"a brown bench\" vs CLIP AND: \"a brown bench in front of a white building\"": 2,
    "\"a brown bench\" vs SuperDIFF (FM-ODE): \"a brown bench\" \u2227 \"a white building\"": 2,
    "\"a brown bench\" vs Guided (\u03b1=0.1)": 2,
    "\"a brown bench\" vs Guided (\u03b1=0.3)": 2,
    "\"a brown bench\" vs Guided (\u03b1=0.5)": 2,
    "\"a brown bench\" vs Guided (\u03b1=0.7)": 2,
    "\"a white building\" vs CLIP AND: \"a brown bench in front of a white building\"": 2,
    "\"a white building\" vs SuperDIFF (FM-ODE): \"a brown bench\" \u2227 \"a white building\"": 3,
    "\"a white building\" vs Guided (\u03b1=0.1)": 2,
    "\"a white building\" vs Guided (\u03b1=0.3)": 2,
    "\"a white building\" vs Guided (\u03b1=0.5)": 2,
    "\"a white building\" vs Guided (\u03b1=0.7)": 2,
    "CLIP AND: \"a brown bench in front of a white building\" vs SuperDIFF (FM-ODE): \"a brown bench\" \u2227 \"a white building\"": 2,
    "CLIP AND: \"a brown bench in front of a white building\" vs Guided (\u03b1=0.1)": 5,
    "CLIP AND: \"a brown bench in front of a white building\" vs Guided (\u03b1=0.3)": 3,
    "CLIP AND: \"a brown bench in front of a white building\" vs Guided (\u03b1=0.5)": 2,
    "CLIP AND: \"a brown bench in front of a white building\" vs Guided (\u03b1=0.7)": 2,
    "SuperDIFF (FM-ODE): \"a brown bench\" \u2227 \"a white building\" vs Guided (\u03b1=0.1)": 2,
    "SuperDIFF (FM-ODE): \"a brown bench\" \u2227 \"a white building\" vs Guided (\u03b1=0.3)": 3,
    "SuperDIFF (FM-ODE): \"a brown bench\" \u2227 \"a white building\" vs Guided (\u03b1=0.5)": 3,
    "SuperDIFF (FM-ODE): \"a brown bench\" \u2227 \"a white building\" vs Guided (\u03b1=0.7)": 3,
    "Guided (\u03b1=0.1) vs Guided (\u03b1=0.3)": 3,
    "Guided (\u03b1=0.1) vs Guided (\u03b1=0.5)": 2,
    "Guided (\u03b1=0.1) vs Guided (\u03b1=0.7)": 2,
    "Guided (\u03b1=0.3) vs Guided (\u03b1=0.5)": 3,
    "Guided (\u03b1=0.3) vs Guided (\u03b1=0.7)": 3,
    "Guided (\u03b1=0.5) vs Guided (\u03b1=0.7)": 4
  },
  "total_path_length": {
    "\"a brown bench\"": 910.7946166992188,
    "\"a white building\"": 804.1010131835938,
    "CLIP AND: \"a brown bench in front of a white building\"": 676.2493896484375,
    "SuperDIFF (FM-ODE): \"a brown bench\" \u2227 \"a white building\"": 895.7926025390625,
    "Guided (\u03b1=0.1)": 678.4087524414062,
    "Guided (\u03b1=0.3)": 697.962158203125,
    "Guided (\u03b1=0.5)": 721.624755859375,
    "Guided (\u03b1=0.7)": 760.4017333984375
  },