{
  "pca_variance_explained": {
    "PC1": 0.8468882441520691,
    "PC2": 0.052698999643325806
  },
  "pca_total_variance_top2": 0.8995872735977173,
  "endpoint_distances_l2": {
    "\"a cat and a dog\" vs \"cat on the left\"": 304.5862121582031,
    "\"a cat and a dog\" vs \"dog on the right\"": 411.2781982421875,
    "\"a cat and a dog\" vs CLIP AND: \"a cat and a dog with the cat on the left and the dog on the right\"": 377.40863037109375,
    "\"a cat and a dog\" vs SuperDIFF Multi-AND: \"a cat and a dog\" \u2227 \"cat on the left\" \u2227 \"dog on the right\"": 504.07086181640625,
    "\"a cat and a dog\" vs Guided (\u03b1=0.1)": 380.0827941894531,
    "\"a cat and a dog\" vs Guided (\u03b1=0.3)": 397.55584716796875,
    "\"a cat and a dog\" vs Guided (\u03b1=0.5)": 410.078369140625,
    "\"a cat and a dog\" vs Guided (\u03b1=0.7)": 420.01898193359375,
    "\"cat on the left\" vs \"dog on the right\"": 303.44036865234375,
    "\"cat on the left\" vs CLIP AND: \"a cat and a dog with the cat on the left and the dog on the right\"": 348.2385559082031,
    "\"cat on the left\" vs SuperDIFF Multi-AND: \"a cat and a dog\" \u2227 \"cat on the left\" \u2227 \"dog on the right\"": 386.958251953125,
    "\"cat on the left\" vs Guided (\u03b1=0.1)": 344.9113464355469,
    "\"cat on the left\" vs Guided (\u03b1=0.3)": 343.42608642578125,
    "\"cat on the left\" vs Guided (\u03b1=0.5)": 339.2763671875,
    "\"cat on the left\" vs Guided (\u03b1=0.7)": 319.8856201171875,
    "\"dog on the right\" vs CLIP AND: \"a cat and a dog with the cat on the left and the dog on the right\"": 338.2416687011719,
    "\"dog on the right\" vs SuperDIFF Multi-AND: \"a cat and a dog\" \u2227 \"cat on the left\" \u2227 \"dog on the right\"": 310.5299987792969,
    "\"dog on the right\" vs Guided (\u03b1=0.1)": 322.6302490234375,
    "\"dog on the right\" vs Guided (\u03b1=0.3)": 303.4736022949219,
    "\"dog on the right\" vs Guided (\u03b1=0.5)": 280.4164123535156,
    "\"dog on the right\" vs Guided (\u03b1=0.7)": 246.19454956054688,
    "CLIP AND: \"a cat and a dog with the cat on the left and the dog on the right\" vs SuperDIFF Multi-AND: \"a cat and a dog\" \u2227 \"cat on the left\" \u2227 \"dog on the right\"": 398.7520751953125,
    "CLIP AND: \"a cat and a dog with the cat on the left and the dog on the right\" vs Guided (\u03b1=0.1)": 84.57173156738281,
    "CLIP AND: \"a cat and a dog with the cat on the left and the dog on the right\" vs Guided (\u03b1=0.3)": 191.771484375,
    "CLIP AND: \"a cat and a dog with the cat on the left and the dog on the right\" vs Guided (\u03b1=0.5)": 239.78231811523438,
    "CLIP AND: \"a cat and a dog with the cat on the left and the dog on the right\" vs Guided (\u03b1=0.7)": 278.49853515625,
    "SuperDIFF Multi-AND: \"a cat and a dog\" \u2227 \"cat on the left\" \u2227 \"dog on the right\" vs Guided (\u03b1=0.1)": 388.4803771972656,
    "SuperDIFF Multi-AND: \"a cat and a dog\" \u2227 \"cat on the left\" \u2227 \"dog on the right\" vs Guided (\u03b1=0.3)": 375.9832458496094,
    "SuperDIFF Multi-AND: \"a cat and a dog\" \u2227 \"cat on the left\" \u2227 \"dog on the right\" vs Guided (\u03b1=0.5)": 358.11737060546875,
    "SuperDIFF Multi-AND: \"a cat and a dog\" \u2227 \"cat on the left\" \u2227 \"dog on the right\" vs Guided (\u03b1=0.7)": 320.9340515136719,
    "Guided (\u03b1=0.1) vs Guided (\u03b1=0.3)": 164.41827392578125,
    "Guided (\u03b1=0.1) vs Guided (\u03b1=0.5)": 215.4378204345703,
    "Guided (\u03b1=0.1) vs Guided (\u03b1=0.7)": 259.0535583496094,
    "Guided (\u03b1=0.3) vs Guided (\u03b1=0.5)": 139.4165496826172,
    "Guided (\u03b1=0.3) vs Guided (\u03b1=0.7)": 200.48544311523438,
    "Guided (\u03b1=0.5) vs Guided (\u03b1=0.7)": 139.3226318359375
  },
  "endpoint_distances_projected": {
    "\"a cat and a dog\" vs \"cat on the left\"": 186.37548828125,
    "\"a cat and a dog\" vs \"dog on the right\"": 350.78662109375,
    "\"a cat and a dog\" vs CLIP AND: \"a cat and a dog with the cat on the left and the dog on the right\"": 206.46669006347656,
    "\"a cat and a dog\" vs SuperDIFF Multi-AND: \"a cat and a dog\" \u2227 \"cat on the left\" \u2227 \"dog on the right\"": 482.3363037109375,
    "\"a cat and a dog\" vs Guided (\u03b1=0.1)": 219.92149353027344,
    "\"a cat and a dog\" vs Guided (\u03b1=0.3)": 259.6380920410156,
    "\"a cat and a dog\" vs Guided (\u03b1=0.5)": 296.58453369140625,
    "\"a cat and a dog\" vs Guided (\u03b1=0.7)": 338.6211242675781,
    "\"cat on the left\" vs \"dog on the right\"": 167.009033203125,
    "\"cat on the left\" vs CLIP AND: \"a cat and a dog with the cat on the left and the dog on the right\"": 106.27958679199219,
    "\"cat on the left\" vs SuperDIFF Multi-AND: \"a cat and a dog\" \u2227 \"cat on the left\" \u2227 \"dog on the right\"": 299.3338623046875,
    "\"cat on the left\" vs Guided (\u03b1=0.1)": 105.92930603027344,
    "\"cat on the left\" vs Guided (\u03b1=0.3)": 115.26151275634766,
    "\"cat on the left\" vs Guided (\u03b1=0.5)": 134.8048858642578,
    "\"cat on the left\" vs Guided (\u03b1=0.7)": 165.64108276367188,
    "\"dog on the right\" vs CLIP AND: \"a cat and a dog with the cat on the left and the dog on the right\"": 183.40065002441406,
    "\"dog on the right\" vs SuperDIFF Multi-AND: \"a cat and a dog\" \u2227 \"cat on the left\" \u2227 \"dog on the right\"": 132.3248748779297,
    "\"dog on the right\" vs Guided (\u03b1=0.1)": 168.8771514892578,
    "\"dog on the right\" vs Guided (\u03b1=0.3)": 126.66703033447266,
    "\"dog on the right\" vs Guided (\u03b1=0.5)": 88.38794708251953,
    "\"dog on the right\" vs Guided (\u03b1=0.7)": 51.61457061767578,
    "CLIP AND: \"a cat and a dog with the cat on the left and the dog on the right\" vs SuperDIFF Multi-AND: \"a cat and a dog\" \u2227 \"cat on the left\" \u2227 \"dog on the right\"": 301.625,
    "CLIP AND: \"a cat and a dog with the cat on the left and the dog on the right\" vs Guided (\u03b1=0.1)": 15.591073036193848,
    "CLIP AND: \"a cat and a dog with the cat on the left and the dog on the right\" vs Guided (\u03b1=0.3)": 61.224796295166016,
    "CLIP AND: \"a cat and a dog with the cat on the left and the dog on the right\" vs Guided (\u03b1=0.5)": 103.58901977539062,
    "CLIP AND: \"a cat and a dog with the cat on the left and the dog on the right\" vs Guided (\u03b1=0.7)": 151.10865783691406,
    "SuperDIFF Multi-AND: \"a cat and a dog\" \u2227 \"cat on the left\" \u2227 \"dog on the right\" vs Guided (\u03b1=0.1)": 286.1211242675781,
    "SuperDIFF Multi-AND: \"a cat and a dog\" \u2227 \"cat on the left\" \u2227 \"dog on the right\" vs Guided (\u03b1=0.3)": 240.55455017089844,
    "SuperDIFF Multi-AND: \"a cat and a dog\" \u2227 \"cat on the left\" \u2227 \"dog on the right\" vs Guided (\u03b1=0.5)": 198.0778350830078,
    "SuperDIFF Multi-AND: \"a cat and a dog\" \u2227 \"cat on the left\" \u2227 \"dog on the right\" vs Guided (\u03b1=0.7)": 150.53440856933594,
    "Guided (\u03b1=0.1) vs Guided (\u03b1=0.3)": 45.6501350402832,
    "Guided (\u03b1=0.1) vs Guided (\u03b1=0.5)": 88.0566177368164,
    "Guided (\u03b1=0.1) vs Guided (\u03b1=0.7)": 135.6302947998047,
    "Guided (\u03b1=0.3) vs Guided (\u03b1=0.5)": 42.486053466796875,
    "Guided (\u03b1=0.3) vs Guided (\u03b1=0.7)": 90.1677017211914,
    "Guided (\u03b1=0.5) vs Guided (\u03b1=0.7)": 47.70925521850586
  },