{
  "pca_variance_explained": {
    "PC1": 0.8908349275588989,
    "PC2": 0.040048763155937195
  },
  "pca_total_variance_top2": 0.9308837056159973,
  "endpoint_distances_l2": {
    "\"a dog\" vs \"a cat\"": 254.07138061523438,
    "\"a dog\" vs CLIP AND: \"a dog and a cat\"": 267.40838623046875,
    "\"a dog\" vs SuperDIFF (FM-ODE): \"a dog\" \u2227 \"a cat\"": 244.0729522705078,
    "\"a dog\" vs SD3.5-Guided (\u03b1=0.5): \"a dog\" \u2227 \"a cat\"": 206.30079650878906,
    "\"a cat\" vs CLIP AND: \"a dog and a cat\"": 292.11279296875,
    "\"a cat\" vs SuperDIFF (FM-ODE): \"a dog\" \u2227 \"a cat\"": 308.2927551269531,
    "\"a cat\" vs SD3.5-Guided (\u03b1=0.5): \"a dog\" \u2227 \"a cat\"": 266.9569091796875,
    "CLIP AND: \"a dog and a cat\" vs SuperDIFF (FM-ODE): \"a dog\" \u2227 \"a cat\"": 309.06817626953125,
    "CLIP AND: \"a dog and a cat\" vs SD3.5-Guided (\u03b1=0.5): \"a dog\" \u2227 \"a cat\"": 187.3634033203125,
    "SuperDIFF (FM-ODE): \"a dog\" \u2227 \"a cat\" vs SD3.5-Guided (\u03b1=0.5): \"a dog\" \u2227 \"a cat\"": 254.95852661132812
  },
  "endpoint_distances_projected": {
    "\"a dog\" vs \"a cat\"": 70.33269500732422,
    "\"a dog\" vs CLIP AND: \"a dog and a cat\"": 169.13623046875,
    "\"a dog\" vs SuperDIFF (FM-ODE): \"a dog\" \u2227 \"a cat\"": 131.95660400390625,
    "\"a dog\" vs SD3.5-Guided (\u03b1=0.5): \"a dog\" \u2227 \"a cat\"": 87.11167907714844,
    "\"a cat\" vs CLIP AND: \"a dog and a cat\"": 98.81471252441406,
    "\"a cat\" vs SuperDIFF (FM-ODE): \"a dog\" \u2227 \"a cat\"": 202.27638244628906,
    "\"a cat\" vs SD3.5-Guided (\u03b1=0.5): \"a dog\" \u2227 \"a cat\"": 17.813385009765625,
    "CLIP AND: \"a dog and a cat\" vs SuperDIFF (FM-ODE): \"a dog\" \u2227 \"a cat\"": 301.0410461425781,
    "CLIP AND: \"a dog and a cat\" vs SD3.5-Guided (\u03b1=0.5): \"a dog\" \u2227 \"a cat\"": 82.74951934814453,
    "SuperDIFF (FM-ODE): \"a dog\" \u2227 \"a cat\" vs SD3.5-Guided (\u03b1=0.5): \"a dog\" \u2227 \"a cat\"": 218.99539184570312
  },
  "divergence_onset_step": {
    "\"a dog\" vs \"a cat\"": 3,
    "\"a dog\" vs CLIP AND: \"a dog and a cat\"": 3,
    "\"a dog\" vs SuperDIFF (FM-ODE): \"a dog\" \u2227 \"a cat\"": 0,
    "\"a dog\" vs SD3.5-Guided (\u03b1=0.5): \"a dog\" \u2227 \"a cat\"": 0,
    "\"a cat\" vs CLIP AND: \"a dog and a cat\"": 3,
    "\"a cat\" vs SuperDIFF (FM-ODE): \"a dog\" \u2227 \"a cat\"": 0,
    "\"a cat\" vs SD3.5-Guided (\u03b1=0.5): \"a dog\" \u2227 \"a cat\"": 0,
    "CLIP AND: \"a dog and a cat\" vs SuperDIFF (FM-ODE): \"a dog\" \u2227 \"a cat\"": 0,
    "CLIP AND: \"a dog and a cat\" vs SD3.5-Guided (\u03b1=0.5): \"a dog\" \u2227 \"a cat\"": 0,
    "SuperDIFF (FM-ODE): \"a dog\" \u2227 \"a cat\" vs SD3.5-Guided (\u03b1=0.5): \"a dog\" \u2227 \"a cat\"": 3
  },
  "total_path_length": {
    "\"a dog\"": 730.78955078125,
    "\"a cat\"": 724.7808227539062,
    "CLIP AND: \"a dog and a cat\"": 695.2210693359375,
    "SuperDIFF (FM-ODE): \"a dog\" \u2227 \"a cat\"": 763.4354858398438,
    "SD3.5-Guided (\u03b1=0.5): \"a dog\" \u2227 \"a cat\"": 707.7703857421875
  },
  "final_tangent_cosine_similarity": {
    "\"a dog\" vs \"a cat\"": 0.8969742655754089,
    "\"a dog\" vs CLIP AND: \"a dog and a cat\"": 0.8812359571456909,
    "\"a dog\" vs SuperDIFF (FM-ODE): \"a dog\" \u2227 \"a cat\"": 0.0,
    "\"a dog\" vs SD3.5-Guided (\u03b1=0.5): \"a dog\" \u2227 \"a cat\"": 0.0,
    "\"a cat\" vs CLIP AND: \"a dog and a cat\"": 0.8561794757843018,
    "\"a cat\" vs SuperDIFF (FM-ODE): \"a dog\" \u2227 \"a cat\"": 0.0,
    "\"a cat\" vs SD3.5-Guided (\u03b1=0.5): \"a dog\" \u2227 \"a cat\"": 0.0,
    "CLIP AND: \"a dog and a cat\" vs SuperDIFF (FM-ODE): \"a dog\" \u2227 \"a cat\"": 0.0,
    "CLIP AND: \"a dog and a cat\" vs SD3.5-Guided (\u03b1=0.5): \"a dog\" \u2227 \"a cat\"": 0.0,
    "SuperDIFF (FM-ODE): \"a dog\" \u2227 \"a cat\" vs SD3.5-Guided (\u03b1=0.5): \"a dog\" \u2227 \"a cat\"": 0.0
  },
  "config": {
    "prompts": [
      "a dog",
      "a cat"
    ],
    "num_prompts": 2,
    "prompt_a": "a dog",
    "prompt_b": "a cat",
    "monolithic_prompt": "a dog and a cat",
    "model_id": "stabilityai/stable-diffusion-3.5-medium",
    "num_inference_steps": 50,
    "guidance_scale": 4.5,
    "seed": 42,
    "projection": "pca",
    "lift": 0.0,
    "no_poe": true
  },
  "clip_classifier": {
    "cosine_similarities": {
      "\"a dog\"": {
        "[1] a dog": 0.2021583616733551,
        "[2] a cat": 0.14482060074806213,
        "[ALL] a dog and a cat": 0.17115803062915802
      },
      "\"a cat\"": {
        "[1] a dog": 0.18011364340782166,
        "[2] a cat": 0.2419256567955017,
        "[ALL] a dog and a cat": 0.1767662614583969
      },
      "CLIP AND: \"a dog and a cat\"": {
        "[1] a dog": 0.14124299585819244,
        "[2] a cat": 0.15353995561599731,
        "[ALL] a dog and a cat": 0.20803529024124146
      },
      "SuperDIFF (FM-ODE): \"a dog\" \u2227 \"a cat\"": {
        "[1] a dog": 0.1913650929927826,
        "[2] a cat": 0.1397986263036728,
        "[ALL] a dog and a cat": 0.15682467818260193
      },
      "SD3.5-Guided (\u03b1=0.5): \"a dog\" \u2227 \"a cat\"": {
        "[1] a dog": 0.1903637945652008,
        "[2] a cat": 0.13937963545322418,
        "[ALL] a dog and a cat": 0.1568259596824646
      }
    },
    "predictions": {
      "\"a dog\"": "[1] a dog",
      "\"a cat\"": "[2] a cat",
      "CLIP AND: \"a dog and a cat\"": "[ALL] a dog and a cat",
      "SuperDIFF (FM-ODE): \"a dog\" \u2227 \"a cat\"": "[1] a dog",
      "SD3.5-Guided (\u03b1=0.5): \"a dog\" \u2227 \"a cat\"": "[1] a dog"
    },
    "clip_pca_variance_explained": {
      "PC1": 0.780331552028656,
      "PC2": 0.07772926986217499
    }
  }
}