{
  "pca_variance_explained": {
    "PC1": 0.7559871077537537,
    "PC2": 0.1648472249507904
  },
  "pca_total_variance_top2": 0.9208343029022217,
  "endpoint_distances_l2": {
    "\"a bicycle on the left\" vs \"a bus on the right\"": 546.1065063476562,
    "\"a bicycle on the left\" vs CLIP AND: \"a bicycle on the left and a bus on the right\"": 582.6357421875,
    "\"a bicycle on the left\" vs SuperDIFF (FM-ODE): \"a bicycle on the left\" \u2227 \"a bus on the right\"": 312.1749572753906,
    "\"a bicycle on the left\" vs Guided (\u03b1=0.1)": 578.9496459960938,
    "\"a bicycle on the left\" vs Guided (\u03b1=0.3)": 567.7225952148438,
    "\"a bicycle on the left\" vs Guided (\u03b1=0.5)": 541.394775390625,
    "\"a bicycle on the left\" vs Guided (\u03b1=0.7)": 496.85614013671875,
    "\"a bus on the right\" vs CLIP AND: \"a bicycle on the left and a bus on the right\"": 323.5061340332031,
    "\"a bus on the right\" vs SuperDIFF (FM-ODE): \"a bicycle on the left\" \u2227 \"a bus on the right\"": 376.8640441894531,
    "\"a bus on the right\" vs Guided (\u03b1=0.1)": 317.46295166015625,
    "\"a bus on the right\" vs Guided (\u03b1=0.3)": 287.7417907714844,
    "\"a bus on the right\" vs Guided (\u03b1=0.5)": 262.1378173828125,
    "\"a bus on the right\" vs Guided (\u03b1=0.7)": 246.0372314453125,
    "CLIP AND: \"a bicycle on the left and a bus on the right\" vs SuperDIFF (FM-ODE): \"a bicycle on the left\" \u2227 \"a bus on the right\"": 426.94622802734375,
    "CLIP AND: \"a bicycle on the left and a bus on the right\" vs Guided (\u03b1=0.1)": 86.18817901611328,
    "CLIP AND: \"a bicycle on the left and a bus on the right\" vs Guided (\u03b1=0.3)": 176.56581115722656,
    "CLIP AND: \"a bicycle on the left and a bus on the right\" vs Guided (\u03b1=0.5)": 222.81204223632812,
    "CLIP AND: \"a bicycle on the left and a bus on the right\" vs Guided (\u03b1=0.7)": 262.7687683105469,
    "SuperDIFF (FM-ODE): \"a bicycle on the left\" \u2227 \"a bus on the right\" vs Guided (\u03b1=0.1)": 421.85589599609375,
    "SuperDIFF (FM-ODE): \"a bicycle on the left\" \u2227 \"a bus on the right\" vs Guided (\u03b1=0.3)": 407.8660583496094,
    "SuperDIFF (FM-ODE): \"a bicycle on the left\" \u2227 \"a bus on the right\" vs Guided (\u03b1=0.5)": 377.1064453125,
    "SuperDIFF (FM-ODE): \"a bicycle on the left\" \u2227 \"a bus on the right\" vs Guided (\u03b1=0.7)": 328.37652587890625,
    "Guided (\u03b1=0.1) vs Guided (\u03b1=0.3)": 167.04437255859375,
    "Guided (\u03b1=0.1) vs Guided (\u03b1=0.5)": 213.16038513183594,
    "Guided (\u03b1=0.1) vs Guided (\u03b1=0.7)": 254.2999267578125,
    "Guided (\u03b1=0.3) vs Guided (\u03b1=0.5)": 141.49081420898438,
    "Guided (\u03b1=0.3) vs Guided (\u03b1=0.7)": 199.9231414794922,
    "Guided (\u03b1=0.5) vs Guided (\u03b1=0.7)": 137.9149932861328
  },
  "endpoint_distances_projected": {
    "\"a bicycle on the left\" vs \"a bus on the right\"": 470.544921875,
    "\"a bicycle on the left\" vs CLIP AND: \"a bicycle on the left and a bus on the right\"": 568.2604370117188,
    "\"a bicycle on the left\" vs SuperDIFF (FM-ODE): \"a bicycle on the left\" \u2227 \"a bus on the right\"": 196.577392578125,
    "\"a bicycle on the left\" vs Guided (\u03b1=0.1)": 565.6383666992188,
    "\"a bicycle on the left\" vs Guided (\u03b1=0.3)": 553.1541137695312,
    "\"a bicycle on the left\" vs Guided (\u03b1=0.5)": 516.17529296875,
    "\"a bicycle on the left\" vs Guided (\u03b1=0.7)": 456.23834228515625,
    "\"a bus on the right\" vs CLIP AND: \"a bicycle on the left and a bus on the right\"": 98.30842590332031,
    "\"a bus on the right\" vs SuperDIFF (FM-ODE): \"a bicycle on the left\" \u2227 \"a bus on the right\"": 276.45989990234375,
    "\"a bus on the right\" vs Guided (\u03b1=0.1)": 95.33013916015625,
    "\"a bus on the right\" vs Guided (\u03b1=0.3)": 82.66695404052734,
    "\"a bus on the right\" vs Guided (\u03b1=0.5)": 45.64143753051758,
    "\"a bus on the right\" vs Guided (\u03b1=0.7)": 14.690825462341309,
    "CLIP AND: \"a bicycle on the left and a bus on the right\" vs SuperDIFF (FM-ODE): \"a bicycle on the left\" \u2227 \"a bus on the right\"": 373.2117919921875,
    "CLIP AND: \"a bicycle on the left and a bus on the right\" vs Guided (\u03b1=0.1)": 5.1587042808532715,
    "CLIP AND: \"a bicycle on the left and a bus on the right\" vs Guided (\u03b1=0.3)": 17.23264503479004,
    "CLIP AND: \"a bicycle on the left and a bus on the right\" vs Guided (\u03b1=0.5)": 53.07172775268555,
    "CLIP AND: \"a bicycle on the left and a bus on the right\" vs Guided (\u03b1=0.7)": 112.23731994628906,
    "SuperDIFF (FM-ODE): \"a bicycle on the left\" \u2227 \"a bus on the right\" vs Guided (\u03b1=0.1)": 370.83966064453125,
    "SuperDIFF (FM-ODE): \"a bicycle on the left\" \u2227 \"a bus on the right\" vs Guided (\u03b1=0.3)": 358.6131896972656,
    "SuperDIFF (FM-ODE): \"a bicycle on the left\" \u2227 \"a bus on the right\" vs Guided (\u03b1=0.5)": 321.8659973144531,
    "SuperDIFF (FM-ODE): \"a bicycle on the left\" \u2227 \"a bus on the right\" vs Guided (\u03b1=0.7)": 261.91888427734375,
    "Guided (\u03b1=0.1) vs Guided (\u03b1=0.3)": 13.076312065124512,
    "Guided (\u03b1=0.1) vs Guided (\u03b1=0.5)": 49.81706237792969,
    "Guided (\u03b1=0.1) vs Guided (\u03b1=0.7)": 109.4398193359375,
    "Guided (\u03b1=0.3) vs Guided (\u03b1=0.5)": 37.041038513183594,
    "Guided (\u03b1=0.3) vs Guided (\u03b1=0.7)": 96.91744232177734,
    "Guided (\u03b1=0.5) vs Guided (\u03b1=0.7)": 59.98923873901367
  },
  "divergence_onset_step": {
    "\"a bicycle on the left\" vs \"a bus on the right\"": 2,
    "\"a bicycle on the left\" vs CLIP AND: \"a bicycle on the left and a bus on the right\"": 2,
    "\"a bicycle on the left\" vs SuperDIFF (FM-ODE): \"a bicycle on the left\" \u2227 \"a bus on the right\"": 4,
    "\"a bicycle on the left\" vs Guided (\u03b1=0.1)": 2,
    "\"a bicycle on the left\" vs Guided (\u03b1=0.3)": 2,
    "\"a bicycle on the left\" vs Guided (\u03b1=0.5)": 3,
    "\"a bicycle on the left\" vs Guided (\u03b1=0.7)": 3,
    "\"a bus on the right\" vs CLIP AND: \"a bicycle on the left and a bus on the right\"": 2,
    "\"a bus on the right\" vs SuperDIFF (FM-ODE): \"a bicycle on the left\" \u2227 \"a bus on the right\"": 2,
    "\"a bus on the right\" vs Guided (\u03b1=0.1)": 3,
    "\"a bus on the right\" vs Guided (\u03b1=0.3)": 3,
    "\"a bus on the right\" vs Guided (\u03b1=0.5)": 2,
    "\"a bus on the right\" vs Guided (\u03b1=0.7)": 2,
    "CLIP AND: \"a bicycle on the left and a bus on the right\" vs SuperDIFF (FM-ODE): \"a bicycle on the left\" \u2227 \"a bus on the right\"": 2,
    "CLIP AND: \"a bicycle on the left and a bus on the right\" vs Guided (\u03b1=0.1)": 7,
    "CLIP AND: \"a bicycle on the left and a bus on the right\" vs Guided (\u03b1=0.3)": 5,
    "CLIP AND: \"a bicycle on the left and a bus on the right\" vs Guided (\u03b1=0.5)": 3,
    "CLIP AND: \"a bicycle on the left and a bus on the right\" vs Guided (\u03b1=0.7)": 2,
    "SuperDIFF (FM-ODE): \"a bicycle on the left\" \u2227 \"a bus on the right\" vs Guided (\u03b1=0.1)": 2,
    "SuperDIFF (FM-ODE): \"a bicycle on the left\" \u2227 \"a bus on the right\" vs Guided (\u03b1=0.3)": 2,
    "SuperDIFF (FM-ODE): \"a bicycle on the left\" \u2227 \"a bus on the right\" vs Guided (\u03b1=0.5)": 2,
    "SuperDIFF (FM-ODE): \"a bicycle on the left\" \u2227 \"a bus on the right\" vs Guided (\u03b1=0.7)": 3,
    "Guided (\u03b1=0.1) vs Guided (\u03b1=0.3)": 7,
    "Guided (\u03b1=0.1) vs Guided (\u03b1=0.5)": 4,
    "Guided (\u03b1=0.1) vs Guided (\u03b1=0.7)": 2,
    "Guided (\u03b1=0.3) vs Guided (\u03b1=0.5)": 4,
    "Guided (\u03b1=0.3) vs Guided (\u03b1=0.7)": 2,
    "Guided (\u03b1=0.5) vs Guided (\u03b1=0.7)": 3
  },