{
  "pca_variance_explained": {
    "PC1": 0.7495394945144653,
    "PC2": 0.1668468862771988
  },
  "pca_total_variance_top2": 0.9163863658905029,
  "endpoint_distances_l2": {
    "\"a bicycle on the left\" vs \"a bus on the right\"": 546.1065063476562,
    "\"a bicycle on the left\" vs CLIP AND: \"a bicycle on the left and a bus on the right\"": 582.6357421875,
    "\"a bicycle on the left\" vs SuperDIFF (FM-ODE): \"a bicycle on the left\" \u2227 \"a bus on the right\"": 312.1749572753906,
    "\"a bicycle on the left\" vs Guided (\u03b1=0.1)": 578.9496459960938,
    "\"a bicycle on the left\" vs Guided (\u03b1=0.4)": 555.5578002929688,
    "\"a bicycle on the left\" vs Guided (\u03b1=0.6)": 524.7513427734375,
    "\"a bicycle on the left\" vs Guided (\u03b1=0.9)": 370.22406005859375,
    "\"a bus on the right\" vs CLIP AND: \"a bicycle on the left and a bus on the right\"": 323.5061340332031,
    "\"a bus on the right\" vs SuperDIFF (FM-ODE): \"a bicycle on the left\" \u2227 \"a bus on the right\"": 376.8640441894531,
    "\"a bus on the right\" vs Guided (\u03b1=0.1)": 317.46295166015625,
    "\"a bus on the right\" vs Guided (\u03b1=0.4)": 275.94140625,
    "\"a bus on the right\" vs Guided (\u03b1=0.6)": 250.513427734375,
    "\"a bus on the right\" vs Guided (\u03b1=0.9)": 334.9215393066406,
    "CLIP AND: \"a bicycle on the left and a bus on the right\" vs SuperDIFF (FM-ODE): \"a bicycle on the left\" \u2227 \"a bus on the right\"": 426.94622802734375,
    "CLIP AND: \"a bicycle on the left and a bus on the right\" vs Guided (\u03b1=0.1)": 86.18817901611328,
    "CLIP AND: \"a bicycle on the left and a bus on the right\" vs Guided (\u03b1=0.4)": 199.8479461669922,
    "CLIP AND: \"a bicycle on the left and a bus on the right\" vs Guided (\u03b1=0.6)": 244.1060791015625,
    "CLIP AND: \"a bicycle on the left and a bus on the right\" vs Guided (\u03b1=0.9)": 382.1203308105469,
    "SuperDIFF (FM-ODE): \"a bicycle on the left\" \u2227 \"a bus on the right\" vs Guided (\u03b1=0.1)": 421.85589599609375,
    "SuperDIFF (FM-ODE): \"a bicycle on the left\" \u2227 \"a bus on the right\" vs Guided (\u03b1=0.4)": 393.4559020996094,
    "SuperDIFF (FM-ODE): \"a bicycle on the left\" \u2227 \"a bus on the right\" vs Guided (\u03b1=0.6)": 358.9743957519531,
    "SuperDIFF (FM-ODE): \"a bicycle on the left\" \u2227 \"a bus on the right\" vs Guided (\u03b1=0.9)": 144.49960327148438,
    "Guided (\u03b1=0.1) vs Guided (\u03b1=0.4)": 189.51971435546875,
    "Guided (\u03b1=0.1) vs Guided (\u03b1=0.6)": 235.27378845214844,
    "Guided (\u03b1=0.1) vs Guided (\u03b1=0.9)": 376.8769836425781,
    "Guided (\u03b1=0.4) vs Guided (\u03b1=0.6)": 153.89024353027344,
    "Guided (\u03b1=0.4) vs Guided (\u03b1=0.9)": 345.84869384765625,
    "Guided (\u03b1=0.6) vs Guided (\u03b1=0.9)": 312.7344970703125
  },
  "endpoint_distances_projected": {
    "\"a bicycle on the left\" vs \"a bus on the right\"": 464.8741760253906,
    "\"a bicycle on the left\" vs CLIP AND: \"a bicycle on the left and a bus on the right\"": 563.94091796875,
    "\"a bicycle on the left\" vs SuperDIFF (FM-ODE): \"a bicycle on the left\" \u2227 \"a bus on the right\"": 183.45974731445312,
    "\"a bicycle on the left\" vs Guided (\u03b1=0.1)": 561.1541137695312,
    "\"a bicycle on the left\" vs Guided (\u03b1=0.4)": 530.3038330078125,
    "\"a bicycle on the left\" vs Guided (\u03b1=0.6)": 484.6276550292969,
    "\"a bicycle on the left\" vs Guided (\u03b1=0.9)": 249.15785217285156,
    "\"a bus on the right\" vs CLIP AND: \"a bicycle on the left and a bus on the right\"": 99.84263610839844,
    "\"a bus on the right\" vs SuperDIFF (FM-ODE): \"a bicycle on the left\" \u2227 \"a bus on the right\"": 283.2569580078125,
    "\"a bus on the right\" vs Guided (\u03b1=0.1)": 96.64852905273438,
    "\"a bus on the right\" vs Guided (\u03b1=0.4)": 65.54403686523438,
    "\"a bus on the right\" vs Guided (\u03b1=0.6)": 20.096485137939453,
    "\"a bus on the right\" vs Guided (\u03b1=0.9)": 216.95071411132812,
    "CLIP AND: \"a bicycle on the left and a bus on the right\" vs SuperDIFF (FM-ODE): \"a bicycle on the left\" \u2227 \"a bus on the right\"": 381.4905090332031,
    "CLIP AND: \"a bicycle on the left and a bus on the right\" vs Guided (\u03b1=0.1)": 5.176022529602051,
    "CLIP AND: \"a bicycle on the left and a bus on the right\" vs Guided (\u03b1=0.4)": 34.82200622558594,
    "CLIP AND: \"a bicycle on the left and a bus on the right\" vs Guided (\u03b1=0.6)": 79.77950286865234,
    "CLIP AND: \"a bicycle on the left and a bus on the right\" vs Guided (\u03b1=0.9)": 315.20806884765625,
    "SuperDIFF (FM-ODE): \"a bicycle on the left\" \u2227 \"a bus on the right\" vs Guided (\u03b1=0.1)": 378.8957824707031,
    "SuperDIFF (FM-ODE): \"a bicycle on the left\" \u2227 \"a bus on the right\" vs Guided (\u03b1=0.4)": 348.3193664550781,
    "SuperDIFF (FM-ODE): \"a bicycle on the left\" \u2227 \"a bus on the right\" vs Guided (\u03b1=0.6)": 302.71990966796875,
    "SuperDIFF (FM-ODE): \"a bicycle on the left\" \u2227 \"a bus on the right\" vs Guided (\u03b1=0.9)": 66.3260269165039,
    "Guided (\u03b1=0.1) vs Guided (\u03b1=0.4)": 31.21453857421875,
    "Guided (\u03b1=0.1) vs Guided (\u03b1=0.6)": 76.66151428222656,
    "Guided (\u03b1=0.1) vs Guided (\u03b1=0.9)": 312.5877685546875,
    "Guided (\u03b1=0.4) vs Guided (\u03b1=0.6)": 45.676246643066406,
    "Guided (\u03b1=0.4) vs Guided (\u03b1=0.9)": 281.99395751953125,
    "Guided (\u03b1=0.6) vs Guided (\u03b1=0.9)": 236.39466857910156
  },
  "divergence_onset_step": {
    "\"a bicycle on the left\" vs \"a bus on the right\"": 2,
    "\"a bicycle on the left\" vs CLIP AND: \"a bicycle on the left and a bus on the right\"": 2,
    "\"a bicycle on the left\" vs SuperDIFF (FM-ODE): \"a bicycle on the left\" \u2227 \"a bus on the right\"": 4,
    "\"a bicycle on the left\" vs Guided (\u03b1=0.1)": 2,
    "\"a bicycle on the left\" vs Guided (\u03b1=0.4)": 3,
    "\"a bicycle on the left\" vs Guided (\u03b1=0.6)": 3,
    "\"a bicycle on the left\" vs Guided (\u03b1=0.9)": 3,
    "\"a bus on the right\" vs CLIP AND: \"a bicycle on the left and a bus on the right\"": 2,
    "\"a bus on the right\" vs SuperDIFF (FM-ODE): \"a bicycle on the left\" \u2227 \"a bus on the right\"": 2,
    "\"a bus on the right\" vs Guided (\u03b1=0.1)": 3,
    "\"a bus on the right\" vs Guided (\u03b1=0.4)": 3,
    "\"a bus on the right\" vs Guided (\u03b1=0.6)": 2,
    "\"a bus on the right\" vs Guided (\u03b1=0.9)": 2,
    "CLIP AND: \"a bicycle on the left and a bus on the right\" vs SuperDIFF (FM-ODE): \"a bicycle on the left\" \u2227 \"a bus on the right\"": 2,
    "CLIP AND: \"a bicycle on the left and a bus on the right\" vs Guided (\u03b1=0.1)": 7,
    "CLIP AND: \"a bicycle on the left and a bus on the right\" vs Guided (\u03b1=0.4)": 4,
    "CLIP AND: \"a bicycle on the left and a bus on the right\" vs Guided (\u03b1=0.6)": 2,
    "CLIP AND: \"a bicycle on the left and a bus on the right\" vs Guided (\u03b1=0.9)": 2,
    "SuperDIFF (FM-ODE): \"a bicycle on the left\" \u2227 \"a bus on the right\" vs Guided (\u03b1=0.1)": 2,
    "SuperDIFF (FM-ODE): \"a bicycle on the left\" \u2227 \"a bus on the right\" vs Guided (\u03b1=0.4)": 2,
    "SuperDIFF (FM-ODE): \"a bicycle on the left\" \u2227 \"a bus on the right\" vs Guided (\u03b1=0.6)": 3,
    "SuperDIFF (FM-ODE): \"a bicycle on the left\" \u2227 \"a bus on the right\" vs Guided (\u03b1=0.9)": 3,
    "Guided (\u03b1=0.1) vs Guided (\u03b1=0.4)": 5,
    "Guided (\u03b1=0.1) vs Guided (\u03b1=0.6)": 3,
    "Guided (\u03b1=0.1) vs Guided (\u03b1=0.9)": 2,
    "Guided (\u03b1=0.4) vs Guided (\u03b1=0.6)": 4,
    "Guided (\u03b1=0.4) vs Guided (\u03b1=0.9)": 3,
    "Guided (\u03b1=0.6) vs Guided (\u03b1=0.9)": 3
  },